region_id,region_name,norman_zone,federal_member,l1_speakers,core_territory,domain_territory,sphere_territory,anchor_cities,lat_north,lat_south,lon_west,lon_east,color_hex,color_name,ethnonym,skinner_macroregion,confidence,merge_candidate,early_era_status,notes
13,Mandarin,Northern,YES,~990 million,The North China Plain - Hebei; Shandong; Henan,The Northeast and the entire Southwest; Shaanxi; Gansu; Sichuan; Chongqing; Hubei; Jianghuai Jiangsu and Anhui,The written standard and the examination tradition - which reach every other member,Beijing; Xi'an; Chengdu; Wuhan; Shenyang; Jinan; Zhengzhou,42.8,22.0,92.5,124.0,#4FC3D9,cyan,-,North China; Northwest; Northeast; Upper Yangtze; part of Lower and Middle Yangtze,high,,YES - sovereign state,THE FEDERATION IS SEVERELY LOPSIDED BY CONSTRUCTION AND THAT IS THE MOST USEFUL THING ABOUT IT. Mandarin covers roughly two-thirds to three-quarters of the Han area and has about 990 million L1 speakers against the other seven combined at perhaps 400 million. A federation in which one member is larger than every other member put together is not a balanced union and cannot be written as one. DRAW IT AT ITS TRUE SIZE - do not balance the map.
14,Jin,Northern,YES,~48 million,Shanxi,Central Inner Mongolia; parts of Hebei; Henan; Shaanxi,-,Taiyuan; Datong; Hohhot,40.7,34.6,110.2,114.6,#E8963C,orange,-,North China - the exception within it,medium,13,YES - sovereign state,Mapped as a DISTINCT BLOCK over Shanxi separate from Mandarin. Many classifications fold it in; the author's language map does not and neither does the Language Atlas of China 1987 following Li Rong. Shanxi is one province so Jin is cleanly drawable - which is not true of most of the others.
15,Wu,Central,YES,~83 million,Shanghai; most of Zhejiang; southern Jiangsu,Parts of Anhui and Jiangxi,The Lower Yangtze commercial network,Shanghai; Hangzhou; Suzhou; Ningbo; Wenzhou,32.5,27.0,116.5,122.2,#8E6FB8,purple,Wu people,Lower Yangtze,high,,YES - sovereign state,Compact; dense; and the industrial core - Shanghai; Baosteel and the two largest ports. The Wu/Mandarin seam runs through the middle of Jiangsu and Anhui so this is one of the two places where Skinner and the linguistic map DISAGREE.
16,Gan,Central,YES,~23 million,Jiangxi,Eastern Hunan; eastern Hubei,-,Nanchang; Jiujiang; Ganzhou,30.1,24.5,113.6,118.5,#5B8DD6,blue,Gan people,Middle Yangtze,medium,,YES - sovereign state,Corresponds decently to Jiangxi province which makes it drawable. Shares the Middle Yangtze macroregion with Xiang and Southwestern Mandarin - one of the two Skinner disagreements.
17,Xiang,Central,YES,~38 million,Hunan,Northern Guangxi; parts of Guizhou,-,Changsha; Hengyang; Xiangtan,30.1,24.6,108.8,114.3,#9AA5B1,grey,Hunanese,Middle Yangtze,medium,,YES - sovereign state,Corresponds decently to Hunan province. Note the sphere reaches into Guangxi and Guizhou - both of which are provinces whose Federation membership is UNDECIDED under the southern-border question.
18,Huizhou,Central,no - too small to carry federal weight,NOT RETRIEVED,Southern Anhui adjoining Wu,-,-,Huangshan; Jixi,30.6,29.2,117.0,119.0,#6FB8A0,teal green,-,Lower Yangtze,low,15,NO - too small; absorbed by a neighbor in both eras,Mapped as its own small unit in southern Anhui. GENUINELY HARD TO CLASSIFY - it shares features with Wu; Gan and Mandarin and earlier scholars assigned it to each in turn. Recorded because the map maps it; not a federal member. SPEAKER NUMBERS WERE NOT RETRIEVED - get them before deciding whether it carries weight.
19,Min,Southern,YES,~75 million,The Fujian coast,Eastern Guangdong; Leizhou; with MIN-NAN REACHING TAIWAN AND HAINAN,The Hokkien-speaking diaspora of Southeast Asia - OUT OF SCOPE,Fuzhou; Xiamen; Quanzhou; Zhangzhou; Tainan,28.3,18.2,115.8,122.0,#D4A017,gold,Min,Southeast Coast - THE STRONGEST AGREEMENT IN THE TABLE,high,,YES - sovereign state,MIN IS FIVE LANGUAGES NOT ONE - Min-Bei; Min-Dong; Min-Zhong; Min-Nan and Pu-Xian are mapped separately. RECOMMENDATION: KEEP MIN AS ONE FEDERAL MEMBER. Splitting it five ways would give Fujian more representation than the entire north - the same tension Ribeiro's five Brasis created and it resolves the same way. Min is the only Sinitic branch that cannot be derived directly from Middle Chinese; in the western Fujian mountains adjacent villages can be mutually unintelligible. THE ONLY BRANCH THAT SPANS THE STRAIT - which is why region 9 Taiwan is contested.
20,Yue,Southern,YES,~85 million,Guangdong,Eastern Guangxi; Hong Kong; Macau; western Hainan,The Cantonese diaspora,Guangzhou; Hong Kong; Macau; Shenzhen; Foshan,25.5,20.2,106.0,117.2,#E8B44F,yellow orange,Cantonese,Lingnan,high,,YES - sovereign state,Holds the Pearl River Delta. Hong Kong and Macau are folded in here ON GROUNDS OF SIZE ALONE and that is FLAGGED AS A REAL OMISSION - they are the closest East Asian analogue to Woodard's New Netherland. See regions-optional.csv O1.
21,Hakka,Southern,YES - but has NO TERRITORY,~44 million,NONE - scattered interior pockets across the Guangdong-Fujian-Jiangxi borderlands,NONE,The Hakka diaspora,Meixian; Longyan; Ganzhou,26.5,23.0,113.5,117.5,#A9784F,brown,Hakka people,NONE - it has no macroregion,high,20 or 19 or 16,UNRESOLVED - Hakka has no territory in either era; the one member that cannot have been a state,THE BEST STRUCTURAL FINDING IN THE SURVEY. HAKKA HAS NO MACROREGION AND CANNOT BE DRAWN UNDER THE WHOLE-SUBDIVISION RULE AT ALL. 44 million people occupying the hills where Guangdong; Fujian and Jiangxi meet - the interstices of three provinces and three macroregions in terrain nobody's lowland core wanted. The name means guest families. THIS IS WOODARD'S GREATER APPALACHIA EXACTLY. TWO WAYS TO HANDLE IT AND THE AUTHOR SHOULD PICK KNOWINGLY: either a NON-TERRITORIAL member of the Federation - a nation with representation and no province - or absorbed into Yue; Min and Gan with the loss recorded. DRAW AS SCATTERED HATCHED POCKETS - NOT as a solid region. The Hakka hills are also the obvious location for a separatist movement; a bandit country; or a partisan war.
22,Ping (Pinghua),Southern,no - too small to carry federal weight,NOT RETRIEVED,Central Guangxi - inside Zhuang territory,-,-,Nanning; Guilin,25.2,22.0,106.5,111.5,#B85C8A,mauve,-,Lingnan,low,20,NO - too small; absorbed by a neighbor in both eras,Descends from the speech of the EARLIEST Chinese migrants to Guangxi - predating both the Yue and the Southwestern Mandarin arrivals. Sits inside Zhuang territory which makes it a marker of how old the Han presence in Guangxi is - relevant to the southern-border argument. SPEAKER NUMBERS NOT RETRIEVED. Only exists on the map if Guangxi is inside the Federation.
