region_id,region_name,tier1_identity,lattimore_zone,status,modern_territory,core_territory,domain_territory,sphere_territory,anchor_cities,lat_north,lat_south,lon_west,lon_east,color_hex,color_name,founding_population,characteristic_institution,confidence,merge_candidate,early_era_status,notes
1,The Sinian Federation,Han,Core - inside the Wall,CANON,China - the Qing Eighteen Provinces and their modern successors; southern extent SETTLED as Option A,North China Plain; Lower Yangtze,Hebei; Shandong; Shanxi; Henan; Shaanxi; Jiangsu; Anhui; Jiangxi; Fujian; Zhejiang; Hubei; Hunan; Sichuan; Guangdong; Beijing; Tianjin; Shanghai; Chongqing; Qinghai; Guangxi; Yunnan; Guizhou; Gansu; Ningxia; Hainan,The Sinosphere - a tributary-shaped zone of acknowledged centrality without administration reaching Korea; Japan; Vietnam,Beijing; Xi'an; Luoyang; Nanjing; Shanghai; Guangzhou; Wuhan; Chengdu,42.8,18.2,92.5,122.5,#3FA9C9,cyan blue,Han in the tiered sense - one major category resolving through three Norman zones into ten linguistic nations; continuous civilization from the North China Plain outward with no founding-settler moment,The examination-recruited bureaucracy and the shared written standard; beneath them Skinner's periodic market hierarchy,high,,DID NOT EXIST. This territory was a smattering of separate Sinitic countries which later unified into the Federation. Draw the early era from regions-sinitic.csv and regions-mandarin-split.csv as SOVEREIGN STATES. NOTE: Qinghai is NOT Federation ground in the early era - it belongs to The Northwest (13B).,AUTHOR DECISION 2026-09-23 - THE SOUTHERN BORDER IS SETTLED AS OPTION A. Guangxi; Yunnan; Guizhou; Gansu; Ningxia and Hainan are ALL Federation territory. THERE IS NO LONGER ANY UNDECIDED BORDER ON THIS MAP AND NOTHING SHOULD BE HATCHED. The decisive figures: all three southern provinces are HAN-MAJORITY by population - Guangxi 62.5%; Yunnan 67.0%; Guizhou 62.0% - so the language map's shatter zone is a statement about TERRITORY; not about people. Excluding them to avoid absorbing 49040255 non-Han would have meant expelling 86857974 Han from a Han federation; a ratio of 1.77 to 1. AUTHOR DECISION 2026-09-23: QINGHAI IS SETTLED. It is Federation territory in the late era and part of The Northwest (13B) in the early era. It is NO LONGER cross-hatched or unassigned on any map. CANON - not proposed. Draw the internal linguistic divisions from regions-sinitic.csv INSIDE this single boundary - they are NOT separate nations. 
2,Korea,Koreanic,Sinosphere - outside the frontier,CANON,Korean peninsula - both present-day states unified,The peninsula,The peninsula,The Yanbian Korean population in Manchuria; the global diaspora,Seoul; Pyongyang; Busan; Kaesong; Pyongyang,43.0,33.1,124.2,131.0,#8E6FB8,purple,Koreanic - the deepest single-people/single-territory correspondence in the region,A Sinosphere member that took the examination system and Confucian bureaucracy directly and built hangul anyway - adoption without absorption,high,,DIVIDED into two states; unified later into one Korea. DATE NOT SET.,CANON - not proposed. The 1945 division has no founding-population; institutional; linguistic or ecological basis whatever - it was two officers; a National Geographic map and a few hours. Draw the peninsula as ONE unit with no internal line.
3,Japan,Japonic,Outside the Sinic world entirely,CANON,Japan,Honshu,The four main islands - Honshu; Kyushu; Shikoku; Hokkaido,Hokkaido and the Ryukyus - which is precisely the point at issue,Tokyo; Kyoto; Osaka; Nagoya; Fukuoka; Sendai,45.6,30.9,129.4,146.0,#D4527D,deep rose,Yamato Japonic with two absorbed peoples at the extremities - Ainu in the north absorbed 1799-1899 and Ryukyuan in the south absorbed 1609-1879,NOT RESEARCHED - the ie household; the domain system and the Meiji prefectural reorganization are named from general knowledge and are unverified,high,,Unchanged - author has not indicated any Japanese fragmentation.,CANON - not proposed. Huntington places Japan OUTSIDE the Sinic world as a civilization of its own - the only such carve-out in his scheme. If regions 11 and 12 are drawn then Japan's boundary shrinks to exclude Hokkaido and Okinawa Prefecture.
4,Manchuria / the Northeast,Han over a Tungusic substrate,Frontier - beyond the Wall,PROPOSED,China - Liaoning; Jilin; Heilongjiang,Liaoning; Jilin; Heilongjiang,The five eastern Inner Mongolian prefectures already assigned to the Northeast under the 2003 plan - Hulunbuir; Hinggan; Tongliao; Chifeng; Xilin Gol,The Russian Far East - OUT OF SCOPE and left blank; the Korean border,Shenyang; Harbin; Changchun; Dalian; Daqing; Anshan,53.6,38.7,115.5,135.1,#4C9A5A,green,Han from Shandong and Zhili/Hebei in a documented net migration of 8.7 million between 1891 and 1942 over a Tungusic substrate the Qing had held in reserve since 1668 - THE SURVEY'S ONLY LITERAL FIRST EFFECTIVE SETTLEMENT CASE,First the Willow Palisade and banner-only closure; then after 1860 state-sponsored settlement as a counter-annexation measure against Russia; then Japanese-built heavy industry under Manchukuo inherited wholesale by the PRC,high,1,NOT ESTABLISHED - whether Manchuria was separate in the early era and whether it later joined the Federation is OPEN.,107.4 million people; the largest arable plain in China; over 20% of national staple food; steel; automobiles; shipbuilding; aircraft and oil at Daqing. STRONGEST CASE AGAINST OF ANY ENTRY: it is Han and has been Han-majority since about 1900 and Skinner puts it inside his scheme as macroregion 10. Northern and eastern border is the modern Heilongjiang and Jilin provincial line - everything past it is BLANK.
5,Mongolia,Mongolic,Beyond the frontier - the steppe's own side,CANON,Mongolia - the sovereign state,The Mongolian state,Itself,Inner Mongolia's eastern prefectures; Buryatia OUT OF SCOPE; the Oirat populations of Xinjiang,Ulaanbaatar; Erdenet; Darkhan,52.2,41.6,87.7,119.9,#E8963C,orange,Mongolic; pastoral nomadic; on the steppe's own side of the Hu Line and the 400 mm isohyet,The banner system under Qing administration which fixed territorial boundaries and forbade movement between banners; beneath it a mobile pastoral economy whose taxable asset walks away,high,,SEPARATE from Inner Mongolia.,Already a sovereign state with a century of separate institutional history and UN membership since 1961. NO CASE AGAINST IT AS A POLITY - it exists. The real question is region 6.
6,Inner Mongolia,Mongolic inside a Han majority,Frontier - the contested belt,PROPOSED,China - Inner Mongolia Autonomous Region,The eastern prefectures - Hinggan League; Tongliao; Chifeng - where over 70% of Inner Mongolia's Mongols live on under 18% of its territory,The rest of the autonomous region,Mongolia; and the Mongol populations of Xinjiang and Qinghai,Hohhot; Baotou; Chifeng; Tongliao; Hulunbuir,53.3,37.4,97.2,126.1,#F0B860,light orange,Contested by construction - 4.1 million Mongols (the largest Mongol population in the world - larger than Mongolia's own) inside a region that was 83.6% Han at its founding in 1947 and is 78.7% Han today,The autonomous-region compact itself - a legally guaranteed Mongol chairman; a Mongol share of the regional congress fixed at 37-39% since 1954 against a 17.7% population share; and a Han party secretary from elsewhere who outranks the chairman,medium,5 or 4,"SEPARATE SOVEREIGN STATE which later unified INTO Mongolia (region 5). This is a TIMELINE EVENT, not a merge candidate.",Identity is outliving language - 2.1 million speakers against 4.1 million ethnic Mongols; Mandarin sole official language since 2021; yet the Tumets who lost the language entirely remain self-identifying Mongols. TWO CASES AGAINST PULLING OPPOSITE WAYS: merge into Mongolia (pan-Mongolism - a real defeated project) or merge into Manchuria (the quieter option and maybe the more realistic). Deliberately colored close to region 5 because the merge is live.
7,East Turkestan,Turkic - Uyghur,Beyond the frontier,PROPOSED,China - Xinjiang Uyghur Autonomous Region,The southwestern Tarim - Kashgar; Khotan; Kizilsu; Aksu - holding about 80% of Xinjiang's Uyghurs at about 90% of local population; plus Turpan,The Tarim rim entire,Dzungaria - which is Han- and Kazakh-majority and would be contested ground,Kashgar; Khotan; Yarkand; Aksu; Turpan; Urumqi,49.2,34.3,73.5,96.4,#A8C84A,yellow green,Turco-Persianate over an Indo-European and Tibeto-Burman substrate - Tocharian at Turfan and Kucha; Saka at Shule and Khotan; then Turkic and Islamic layers. FOUNDING CHARACTER IS NOT SINIC AND NEVER WAS,The oasis city-state - Kashgar; Khotan; Yarkand; Aksu; Turfan - a chain of irrigated market towns on the caravan routes with only 9.7% of the land habitable. Layered over it the XPCC - 3.6 million people; 19.7% of the economy; created 1954 as a settler-garrison corporation,high,,NOT ESTABLISHED - open whether East Turkestan was separate early and whether it later joined anything.,XINJIANG IS ONE PROVINCE AND CONTAINS TWO COUNTRIES. Dzungaria is 55% of the Han population; urban and industrial; the Tarim is 95% non-Han and half as rich. The whole-subdivision rule forbids separating them so any East Turkestan drawn here inherits a Han-plurality north it cannot govern and did not found - a 44.96%/42.24% region which is not a majority for anybody. Precedent exists: the Second East Turkestan Republic held Ili 1944-1949.
8,Tibet,Tibetic,Beyond the frontier - the plateau,PROPOSED,China - Tibet Autonomous Region; plus Qinghai if taken,The Tibet Autonomous Region - 1.2 million km2; 3.6 million people; 86.0% Tibetan; 3 per km2,NONE - the Tibet Autonomous Region only,The Kham portions of Sichuan; Yunnan and Gansu - which CANNOT be drawn without splitting provinces,Lhasa; Shigatse; Xining; Chamdo,39.2,26.8,78.4,103.0,#E8A0C4,light pink,Tibetic - a distinct civilization with its own script; its own branch of Buddhism and a state tradition running from U-Tsang's dynasties through the Ganden Phodrang 1642-1951; outside the Qing provincial system when the dynasty fell and functionally independent 1912-1951,Monastic-aristocratic government - a theocracy in the literal sense in which the Lama church held land; revenue and political authority; and the emperor of China's relationship ran through his role as wheel-turning king rather than through a governor,high,1,NOT ESTABLISHED - same.,AUTHOR DECISION 2026-09-23: QINGHAI DOES NOT GO TO TIBET. Absorbing it would have cut Tibet from 86.0% to 45.6% Tibetan - a 40-point collapse costing Tibet the majority that justifies it. Tibet is the TAR alone; Amdo and Kham are both sphere; both unattainable. WHOEVER HOLDS TIBET HOLDS ASIA'S WATER - headwaters of the Yellow; Yangtze; Mekong; Salween; Brahmaputra and Indus; the Third Pole; largest freshwater reserve outside the polar ice; warming four times faster than the rest of China with 80% of glaciers in retreat. CASE AGAINST: the TAR is about half of cultural Tibet and roughly half of all Tibetans (7.06M national against 3.1M in the TAR) live outside it. QINGHAI'S 2020 DEMOGRAPHY WAS NOT RETRIEVED - get it before drawing the domain.
9,Taiwan,Han-Austronesian hybrid,Sinosphere - outside the frontier,PROPOSED,Taiwan,The western plain,The island,Penghu; Kinmen; Matsu; and the Hokkien-speaking diaspora of Southeast Asia OUT OF SCOPE,Taipei; Tainan; Kaohsiung; Taichung,25.3,21.9,118.2,122.0,#3E9E9E,teal,Four layers - Austronesian; then Dutch-recruited Han labor from Fujian from the 1620s; then two centuries of Qing-era Hoklo and Hakka settlement that added over two million people and flipped the island to Han majority; then a Japanese colonial state from 1895; then the 1945-49 waishengren,The sworn brotherhood - immigrant Han uniting under a common surname with a manufactured genealogy; the mechanism by which plains Indigenous people acquired Han lineages. UNVERIFIED. Later the Japanese colonial developmental state and forty years of KMT martial law,high,1,NOT ESTABLISHED - same.,The ethnographic consensus is that neither Han replaced Indigenous nor Indigenous became Han but that BOTH SHIFTED INTO A HYBRID - and people who count as Han on Taiwan demonstrate major cultural differences from Han elsewhere. CASE AGAINST IS SHARPER THAN EXPECTED: Skinner puts Taiwan inside the Southeast Coast macroregion and Taiwanese IS coastal Southern Min - so the tidiest reading is a province of the Min nation inside the Federation; which is also Beijing's reading.
10,Yungui,Non-Han highland peoples,Inside the Eighteen but not Han-founded,CLOSED 2026-09-23 - this region does not exist,China - Yunnan and Guizhou,Yunnan and Guizhou - Skinner's ninth macroregion,Western Sichuan's highlands - UNDRAWABLE since Sichuan cannot be split,The Southeast Asian Massif - OUT OF SCOPE,Kunming; Guiyang; Dali; Lijiang; Zunyi,29.2,21.1,97.5,109.6,#8B6F47,brown,Non-Han highland peoples across six language families with a Southwestern Mandarin administrative overlay applied late - Yi 9.83M; Miao 11.07M; Bouyei 3.58M; Dong 3.50M; Hani 1.73M; Bai 2.09M; Dai 1.33M; Lisu; Wa; Naxi; Gelao; Lahu; Sui,State evasion itself - dispersal; swidden; orality; segmentary organization; mobility - read by Scott as deliberate adaptations by populations fleeing valley state-making. Against it the Chinese tusi chieftaincy system - UNVERIFIED,n/a,1,Contingent region; early-era status not established.,DO NOT DRAW. The author settled the southern border as Option A; so Yunnan and Guizhou are Federation provinces and Yungui never forms. Retained only to record why. THE ARITHMETIC THAT CLOSED IT: a Yungui state would have been 64.8% HAN (85771425 people) - not a non-Han polity at all. The survey's 'Far West case' therefore has no East Asian instance; which is itself a finding: East Asia has frontier peoples beyond an ecological boundary; not a terrain-defined interior nobody could settle. EAST ASIA'S FAR WEST CASE - a region whose character was set by terrain's hostility to state-building rather than by any settler group's values. ONLY EXISTS IF THE AUTHOR PICKS OPTION C-STRONG. Under Option A this region does not exist and Yunnan and Guizhou are Federation provinces. The massif has never been politically unified as an empire; as feuding kingdoms; or even as a zone of harmonized political systems.
11,Hokkaido / Ainu Mosir,Ainu - a language isolate,Frontier - Japan's own Manchuria,CONTINGENT - author's call,Japan - Hokkaido Prefecture,Hokkaido - especially the southeastern Hidaka region and towns like Nibutani,The prefecture,Sakhalin and the Kurils - DEFERRED WITH RUSSIA AND LEFT UNCLAIMED,Sapporo; Nibutani; Hakodate; Asahikawa,45.6,41.4,139.3,145.8,#7A8B99,slate,Ainu - a language isolate with a Jomon substrate; a Japanese-contact layer and a strong northern Okhotsk element - displaced by Yamato settler colonization from 1799 and formally dispossessed by the 1899 Act,The Matsumae trade monopoly then explicit settler colonization - Ainu land redistributed to Yamato farmers on a Western industrial-agriculture model. HOKKAIDO IS JAPAN'S MANCHURIA - a frontier closed then opened then settled by a state worried about Russia,low,3,Contingent region; early-era status not established.,CASE AGAINST IS HEAVY: official surveys got 11450 responses in 2023; Hokkaido Ainu is likely extinct with no known native speakers; assimilation was near-total. AN AINU SUCCESSOR POLITY WOULD BE A 5.2-MILLION-PERSON JAPANESE PREFECTURE WITH AN INDIGENOUS NAME. The merge candidate is Japan and the merge is the realistic answer. A revival scenario is available but has to be WRITTEN as a revival - not assumed.
12,Ryukyu / Okinawa,Ryukyuan - a Japonic branch,Sinosphere - the dual-subordination case,CONTINGENT - author's call,Japan - Okinawa Prefecture,Okinawa Prefecture - over 1.4 million people,Plus the Amami Islands - which are in KAGOSHIMA Prefecture so under the whole-subdivision rule they are NOT AVAILABLE,The Ryukyuan diaspora,Naha; Shuri; Ishigaki; Miyakojima,27.9,24.0,122.9,131.3,#E05C3E,vermilion,Ryukyuan - a BRANCH of the Japonic family not a Japanese dialect - itself split between a Northern (Amami; Okinawa) and a Southern (Miyako; Yaeyama) population that were culturally and genetically differentiated and only unified in the tenth century,DUAL SUBORDINATION - from 1609 to 1879 the kingdom was simultaneously a Satsuma dependency and a Ming/Qing tributary and the arrangement suited all three parties because Tokugawa Japan was barred from direct trade with China,medium,3,Contingent region; early-era status not established.,THE BEST-FOUNDED OF THE THREE CONTINGENT ENTRIES - unlike Yungui it does not require reopening the Federation's border and unlike Hokkaido its people and language are still here. A 450-year kingdom with its capital at Shuri annexed only in 1879. Ryukyuans are NOT recognized as a minority by Japan and are the largest unrecognized ethnolinguistic minority in the country. CASE AGAINST: Ryukyuan is Japonic; roughly 80% mainland admixture; the Amami portion is administratively unreachable.
2J,Jeju-do (International Court of Diplomacy),Koreanic - but held as neutral ground,Sinosphere - outside the frontier,CANON - POST-COURT MAPS ONLY,Korea - Jeju Special Self-Governing Province,Jeju island,-,The Court's jurisdiction - which is international and not territorial,Jeju City; Seogwipo,33.60,33.10,126.15,126.98,#F5C518,bright gold,Korean - Jeju was and remains Korean ground; the neutrality is a legal status laid over it; not a population change,THE CONDOMINIUM ITSELF - territory submitted by one power as neutral ground and legally shared among three; with a standing international court on it,high,2,DOES NOT EXIST AS A SEPARATE ENTITY. Jeju is ordinary Korean territory until the Court is founded - and in the early era Korea is still divided; so Jeju simply sits inside the southern Korean state.,RENDERS AT ONLY 13x8 PIXELS WITH 47 FILL PIXELS on a 3360-wide map - Taiwan by comparison has 2455. An earlier dark slate (#3D4A5C) was unreadable at that size because a dark fill merges with the island's own black coastline stroke. USE A HIGH-VALUE HIGH-CHROMA COLOR AND GIVE IT AN INSET; no hue alone can carry 47 pixels. DRAW ONLY ON MAPS SET AFTER THE COURT'S FOUNDING. Korea submitted Jeju-do as neutral ground to be legally shared among KOREA; JAPAN and THE SINIAN FEDERATION. Give it its own color - distinct from all three parents (Korea purple; Japan rose; Sinian cyan) - and its own legend entry naming the three. It is a first-order subdivision (Jeju Special Self-Governing Province) so drawing it out of Korea does NOT break the whole-subdivision rule. TIMING: the Court was an established institution at least one full generation before its April 27 2318 ruling; while Korea's reunification and the Federation's founding were at least three and possibly four generations before 2318 - so there is a window of roughly two generations in which the unified map is correct but Jeju is still ordinary Korean territory. The existing late-era nations map sits in that window.
