region_id,region_name,tier,member_subdivisions,confidence,notes
kurdistan,Kurdistan,core,Iraq:Duhok;Iraq:Erbil;Iraq:Halabja;Iraq:Sulaymaniyah,medium,"Cross-border, drawn as one continuous region (Amazonia-style). Core = Iraq's KRI (settled autonomy since 1991/2005). Domain = Kurdish-flagged Turkish, Iranian and Syrian provinces/governorates. THE most structurally complex region in this package — frameworks survey §3.7 explicitly declines to propose a treatment; Turkey's PKK ceasefire (Mar. 2025) and Syria's Kurdish integration (Aug. 2026) are both very recent and could still change. ✅ CONFIRMED 2026-09-28, Halabja sub-question closed: author asked about the skinny governorate-shaped strip near the Iranian border containing Halabja/Ababayle/Pshta. Unlike the Turkish/Iranian domain provinces reviewed elsewhere this round, Halabja is not a flagged minority province of a non-Kurdish state — it split off from Sulaymaniyah in 2014 as the KRI's own 4th governorate (Iraq's 19th governorate nationally as of April 2025), on the same uncontested core footing as Erbil/Duhok/Sulaymaniyah. It is also the site of the March 1988 Halabja chemical attack, the defining atrocity of Saddam's Anfal campaign against the Kurds — among the least ambiguous Kurdish territory on the whole map. Its narrow, border-hugging shape reflects real terrain (a valley corridor running up to within ~14 km of Iran), not an artifact of this project's classification. No change made; already correctly placed in core. ✅ SETTLED 2026-09-28: this region_id/name changed from 'kurdish_nation'/'The Kurdish Nation' to 'kurdistan'/'Kurdistan' — the name the territory actually goes by, matching the same real-name convention every other region on this map now follows. Author's own words: 'the territories that are now marked as decidedly in Kurdish Nation, we can go ahead and call that Kurdistan.' Colors, tiers, and member subdivisions unchanged."
kurdistan,Kurdistan,domain,Iran:Kermanshah;Iran:Kurdistan;Iran:West Azerbaijan;Syria:Al-Hasakah;Turkey:Adıyaman;Turkey:Ağrı;Turkey:Batman;Turkey:Bitlis;Turkey:Diyarbakır;Turkey:Hakkâri;Turkey:Iğdır;Turkey:Kars;Turkey:Mardin;Turkey:Siirt;Turkey:Van;Turkey:Şanlıurfa;Turkey:Şırnak,medium,"✅ SETTLED 2026-09-28: Tunceli, Bingöl and Muş moved OUT of this domain and into Anatolia (see that region's own note for the full reasoning) — a deliberate border-cleanup pass using the real Taurus-Zagros mountain belt as the dividing logic, the same 'clean shape over perfect fidelity' tradeoff this project's own North America map already makes in places (Cascadia and the CSA both collapse multiple Woodard cultural regions rather than tracking every county line). ⚠️ A genuine, disclosed tension, not a hidden one: Bingöl and Muş are both recorded elsewhere in this file as straightforwardly Kurdish-majority/plurality, same tier as the remaining core domain provinces — this cut is geological, not demographic, and puts a real Kurdish-majority population on the Anatolia side of the line on purpose. See the frameworks survey's own new note on expected ethnic/sectarian violence along this exact seam. ✅ SETTLED 2026-09-28: Syria's Raqqa governorate moved OUT of this domain entirely, to Levant's core (see that region's own note) — the opposite kind of case from Bingöl/Muş: here the demographic evidence itself doesn't support Kurdish domain status. Raqqa is ~90% Sunni Arab; its inclusion here was tracking SDF/AANES political and military control (Raqqa served as a DAANES administrative center) rather than the population living there, which runs against this map's own stated method of drawing culture/ethnicity as the primary layer, not political control. Al-Hasakah, Raqqa's former domain-mate, is NOT affected — it is Syria's actual historic Kurdish heartland (the Jazira region) and stays. ✅ CONFIRMED 2026-09-29, remaining Turkey/Kurdistan border closed: with Tunceli, Bingöl and Muş already redrawn to Turkey via the Taurus-Zagros logic above, the author explicitly settled the REST of this border — the 13 remaining Turkish domain provinces (Adıyaman, Ağrı, Bitlis, Diyarbakır, Hakkâri, Mardin, Siirt, Batman, Şırnak, Van, Şanlıurfa, Kars, Iğdır) — as officially drawn, no further changes: 'so far as the border between Turkey and Kurdistan, we can settle the currently-drawn border as official.' No map change — this closes out the one remaining un-reviewed segment of the Turkey/Kurdistan line without altering it. ✅ SETTLED 2026-09-29: Ilam moved OUT of this domain to Persia's core (see that region's own note for the full disclosed tradeoff) — unlike Tunceli/Bingöl/Muş, this was NOT a clean single-side-of-the-mountain-divide case (Ilam itself straddles both real Zagros highland and a real Mesopotamian-lowland-extension plain), and its Kurdish/Lak population is less identity-ambiguous than Tunceli's. Applied on the author's own explicit call regardless, tying the whole province to Persia's own river system (the Karkheh, Iran's third-longest river, drains this province) rather than Kurdistan's cross-border domain."
turkey,Turkey,core,Turkey:Adana;Turkey:Afyonkarahisar;Turkey:Aksaray;Turkey:Amasya;Turkey:Ankara;Turkey:Antalya;Turkey:Ardahan;Turkey:Artvin;Turkey:Aydın;Turkey:Balıkesir;Turkey:Bartın;Turkey:Bayburt;Turkey:Bilecik;Turkey:Bingöl;Turkey:Bolu;Turkey:Burdur;Turkey:Bursa;Turkey:Denizli;Turkey:Düzce;Turkey:Elazığ;Turkey:Erzincan;Turkey:Erzurum;Turkey:Eskişehir;Turkey:Gaziantep;Turkey:Giresun;Turkey:Gümüşhane;Turkey:Hatay;Turkey:Isparta;Turkey:Istanbul;Turkey:Kahramanmaraş;Turkey:Karabük;Turkey:Karaman;Turkey:Kastamonu;Turkey:Kayseri;Turkey:Kilis;Turkey:Kocaeli;Turkey:Konya;Turkey:Kütahya;Turkey:Kırıkkale;Turkey:Kırşehir;Turkey:Malatya;Turkey:Manisa;Turkey:Mersin;Turkey:Muğla;Turkey:Muş;Turkey:Nevşehir;Turkey:Niğde;Turkey:Ordu;Turkey:Osmaniye;Turkey:Rize;Turkey:Sakarya;Turkey:Samsun;Turkey:Sinop;Turkey:Sivas;Turkey:Tokat;Turkey:Trabzon;Turkey:Tunceli;Turkey:Uşak;Turkey:Yalova;Turkey:Yozgat;Turkey:Zonguldak;Turkey:Çanakkale;Turkey:Çankırı;Turkey:Çorum;Turkey:İzmir,high,"Turkey minus its now-13 Kurdish-flagged domain provinces (down from 16 as of 2026-09-28 — Tunceli, Bingöl and Muş moved here from the Kurdish Nation's domain, see that region's own note). Modern secular-nationalist Kemalist founding-culture nation (frameworks survey §7.1). ✅ Border-cleanup pass, 2026-09-28: these three provinces sit on the Anatolian-plateau side of the real Taurus-Zagros mountain belt, not the high-mountain spine itself — Muş's own plain is explicitly bounded to its south by the Bitlis Mountains (part of the actual suture zone), and Tunceli sits in its own separate highland basin (the Munzur Mountains) rather than on the main spine. A genuine, disclosed tension: Bingöl and Muş are both real Kurdish-majority/plurality provinces per this file's own sourcing — this redraw is geological, not a claim that Kurds don't live there. ✅ EAST THRACE RESOLVED 2026-09-30 (author, Europe session): the three provinces that the 2026-09-28 flag named (Tekirdağ, Kırklareli and Edirne, all of Turkey's European territory outside Istanbul Province) LEAVE Turkey; Edirne and Tekirdağ go to Greece, Kırklareli to Bulgaria, so Turkey's western edge is now the Tekirdağ/Istanbul provincial line (Çorlu/Çerkezköy vs. Silivri); Istanbul Province stays Turkish. They are out of scope for West Asia and are drawn as gray out-of-scope territory in `Asia (West)/02 reorganization/08 follow-up/`. Their rows stay in subdivisions.csv for the record (marked as moved). Decision record: `y-files/Map Files/Europe/02 reorganization/02 follow-up/DECISION LOG - Confederacy of Intermarium Nations (membership order).md` §6c. The 65 remaining member provinces are listed in member_subdivisions (was 68)."
syria,Syria,alawite,Syria:Latakia;Syria:Tartus,high,"Alawite (Latakia/Tartus) and Druze (Suwayda) governorates flagged with a distinct hatch, not flattened into generic 'Syrian Arab.' ✅ SETTLED 2026-09-28: this region and 'jordan' below were split out of a single generic 'levant' region that combined Syria's core territory with Jordan — inconsistent with how every other real, sovereign country on this map (Lebanon, Israel, Palestine) already gets its own name. Author's own words: 'the remaining area of Syria that hasn't been partitioned away, that area, we can recognize as Syria.' Jordan split out the same way for consistency, per the author's own follow-up call. ✅ CONFIRMED 2026-09-29: author explicitly reviewed both the Alawite (Latakia/Tartus) and Druze (Suwayda) internal flags and confirmed they officially stay part of Syria, no partition: 'those Alawite/Druze areas can be officially recognized as part of Syria.' Both remain flagged minority-population hatches within Syria's own territory, same as before — this closes the question of whether either might separate. No map change."
syria,Syria,core,Syria:Aleppo;Syria:Damascus;Syria:Daraa;Syria:Deir ez-Zor;Syria:Hama;Syria:Homs;Syria:Idlib;Syria:Quneitra;Syria:Raqqa;Syria:Rif Dimashq,high,"✅ SETTLED 2026-09-28: Raqqa added here, moved from the Kurdish Nation's domain (see that region's own note). Author asked about the area between Ayn Issa and Lake Assad — real research found Raqqa Governorate ~90% Sunni Arab overall, and still ~70% Arab even in its most-Kurdish district (Tell Abyad, home to Ayn Issa), where Kurds are only ~25% and concentrated in the district's western part. The prior domain placement reflected SDF/AANES political control of the area, not its actual population — corrected to match this map's own demographic/cultural method. ✅ SETTLED 2026-09-28: this region split out of the generic 'levant' region — see the alawite row's own note above for the full reasoning."
syria,Syria,druze,Syria:Suwayda,high,"✅ CONFIRMED 2026-09-29: see the alawite row's own note above for the full confirmation — both flags officially stay part of Syria, no partition."
jordan,Jordan,core,Jordan:Ajloun;Jordan:Amman;Jordan:Aqaba;Jordan:Balqa;Jordan:Irbid;Jordan:Jerash;Jordan:Karak;Jordan:Ma'an;Jordan:Madaba;Jordan:Mafraq;Jordan:Tafilah;Jordan:Zarqa,high,"✅ SETTLED 2026-09-28: split out of the generic 'levant' region into its own named region, matching every other real, sovereign country on this map (Lebanon, Israel, Palestine) — see the syria/alawite row's own note for the full reasoning."
lebanon,Lebanon,core,Lebanon:Akkar;Lebanon:Baalbek-Hermel;Lebanon:Beirut;Lebanon:Beqaa;Lebanon:North,high,"Kept as its own region given its uniquely codified confessional constitution (§4.3). ✅ SETTLED 2026-09-29: the confessional sub-tier hatch, previously dropped entirely, has been PARTIALLY RESTORED after closer inspection of Natural Earth's actual geometry — the original 'overlapping, misleading hatching' problem turned out to be real for only one of the three groups. South and Nabatieh (Shia) each have their own clean NE polygon with no sharing at all; Mount Lebanon and Keserwan-Jbeil share one polygon but are BOTH genuinely Maronite-Christian-heavy, so flagging that shared shape is accurate, not a stretch. Baalbek-Hermel (real Shia population) could NOT be cleanly restored — it shares its one NE polygon with Beqaa proper (the Zahle area), which is NOT Shia-majority, so painting that whole shared shape Shia would misrepresent Beqaa specifically; Baalbek-Hermel's Shia population is disclosed in subdivisions.csv's own note instead of rendered. Akkar, Beirut, Beqaa, and North stay unflagged core — genuinely mixed/no single dominant confession (Beirut) or sharing geometry with an unflagged governorate (Akkar/North). Colors, tiers: this row keeps the core tier for the 5 unflagged governorates; see the new shia/maronite tier rows below for the restored flags."
lebanon,Lebanon,maronite,Lebanon:Keserwan-Jbeil;Lebanon:Mount Lebanon,high,"See the core row's own note for the full geometry reasoning. Lebanon's historic Maronite Christian heartland (frameworks survey §4.3's presidency requirement) — both governorates share one NE polygon and are both genuinely Maronite-heavy, so the shared shape is an accurate flag, not an approximation stretch the way Diyala's contested-territory overstatement is."
lebanon,Lebanon,shia,Lebanon:Nabatieh;Lebanon:South,high,"See the core row's own note for the full geometry reasoning. Both governorates have their OWN clean, unshared NE polygon — no sharing, no conflict, a fully clean restoration of this one confessional flag. Baalbek-Hermel is real Shia territory too (frameworks survey §4.2's national 28% figure) but could not be added here without misrepresenting Beqaa proper, which shares its geometry — see subdivisions.csv's own Baalbek-Hermel note."
palestine,Palestine,core,Israel:Central District;Israel:Haifa District;Israel:Judea and Samaria Area;Israel:Northern District;Israel:Southern District;Israel:Tel Aviv District;Palestinian Territories:Bethlehem;Palestinian Territories:Deir al-Balah;Palestinian Territories:Gaza;Palestinian Territories:Hebron;Palestinian Territories:Jenin;Palestinian Territories:Jericho;Palestinian Territories:Khan Yunis;Palestinian Territories:Nablus;Palestinian Territories:North Gaza;Palestinian Territories:Qalqilya;Palestinian Territories:Rafah;Palestinian Territories:Ramallah and al-Bireh;Palestinian Territories:Salfit;Palestinian Territories:Tubas;Palestinian Territories:Tulkarm,high,"✅ SETTLED 2026-09-29: this region absorbs the entire former State of Israel (its old 'israel' region_id is retired — all 6 former Israeli districts plus Judea and Samaria Area fold in here) alongside its own pre-existing West Bank (11 governorates) + Gaza (5 governorates) territory, per the author's own post-collapse scenario (frameworks survey §2.7). Mechanism: a mutual nuclear exchange (growing out of this project's already-established 2026 Iran war, §6) devastates Israel's state apparatus — Tel Aviv/Gush Dan, Haifa, and Beer Sheva/Dimona, its economic/political/military/nuclear-deterrent nodes — without implying total population loss; Hamas collapses as a governing force once its patron Iran is devastated in the same war, combined with Israel's own already-documented campaign against it (§2.5); the Palestinian Authority becomes the sole government left standing. Author's own words: 'The Palestinian Authority becomes the official government, and all that land becomes Palestine.' Jerusalem is the one exception — see the new jerusalem/core row. ⚠️ NOT YET SETTLED, flagged rather than decided: the fate of Israel's surviving dispersed population specifically (full citizenship within Palestine vs. some other status) and the West Bank settler population's own status (Judea and Samaria Area's ~750,000+ settlers, §2.4) — both raised in this project's own research pass and deliberately left open. Geometry note: Natural Earth carries only ONE 'West Bank' polygon total — every Palestinian Territories row (including Gaza's) renders at that same shared geometry; Gaza has no separate NE shape at all — a pre-existing limitation, unrelated to this settled scenario, unchanged by it."
iraq,Iraq,contested,Iraq:Kirkuk;Iraq:Diyala,high,"Iraq minus its 4 KRI governorates. Internal Sunni/Shia hatch split (9 Shia-majority governorates vs. the Sunni-Arab-majority remainder, per frameworks survey §4.2). Kirkuk marked contested (Article 140 disputed-territories process), neither Kurdish nor Arab exclusively. ✅ SETTLED 2026-09-28: Diyala added to this contested tier after the author spotted its real northeastern panhandle (Khanaqin District) on the render — Khanaqin carries the identical Article 140 disputed-territory status as Kirkuk, is de facto split between Diyala and Sulaymaniyah/KRG administration, and is genuinely mixed Kurdish/Arab/Turkmen (frameworks survey §3.9). ⚠️ Disclosed tradeoff: Khanaqin is only a DISTRICT within Diyala, not the whole governorate, and this project has no admin-2 (district-level) geometry for Iraq to carve it out precisely — marking all of Diyala contested overstates the dispute's real extent (most of the governorate outside Khanaqin is uncontested) in exchange for actually showing it, the same 'clean shape over precision' tradeoff used for the Taurus-Zagros redraw."
iraq,Iraq,shia,Iraq:Al-Qadisiyyah;Iraq:Babil;Iraq:Basra;Iraq:Dhi Qar;Iraq:Karbala;Iraq:Maysan;Iraq:Muthanna;Iraq:Najaf;Iraq:Wasit,high,
iraq,Iraq,sunni_mixed,Iraq:Al-Anbar;Iraq:Baghdad;Iraq:Nineveh;Iraq:Salah Al-Din,high,"Diyala moved to the contested tier 2026-09-28 — see that row's note. ✅ SETTLED 2026-09-28: Nineveh (Mosul) deliberately NOT moved to contested, despite real Article 140 disputed status for Sinjar District (majority Yazidi), the Nineveh Plains (Tel Kaif/Hamdaniya/Shekhan — Shabak/Assyrian-Chaldean Christian/Yazidi/Kurdish/Turkmen mix), and parts of Tel Afar. Unlike Diyala, whose disputed Khanaqin corner sits inside an otherwise uncontroversial governorate, Nineveh's capital IS Mosul — a massive, unambiguously Sunni Arab city never seriously part of the KRG's claims — so marking the whole governorate contested would overstate the dispute far more than Diyala's case did. Author's own call: 'if that's the case, then it makes sense for it to stay part of Iraq.' Full sourcing in frameworks survey §3.11; flagged there but intentionally not rendered, same posture as Lebanon's dropped confessional mosaic. ✅ CONFIRMED 2026-09-29: author reviewed Iraq's full internal split (contested Kirkuk/Diyala, this sunni_mixed north/center, and the shia south) and confirmed the current map treatment as-is — 'let's just leave Iraq as-is, as it's currently depicted on the map.' Baghdad's own placement here is flagged honestly as a default/convenience bucket (genuinely mixed Sunni/Shia, no researched majority), not a demographic claim, per the same review. Full geographic writeup for future reference in frameworks survey §4.4. No map change."
uae,United Arab Emirates,core,United Arab Emirates:Abu Dhabi;United Arab Emirates:Ajman;United Arab Emirates:Dubai;United Arab Emirates:Fujairah;United Arab Emirates:Ras Al Khaimah;United Arab Emirates:Sharjah;United Arab Emirates:Umm Al Quwain,high,"✅ SETTLED 2026-09-29: 'Arabia' was the last generic multi-country cultural-bloc label left on this map — Saudi Arabia + UAE + Qatar + Bahrain + Kuwait + Oman, six real sovereign countries sharing one color/name. Author weighed each country's real case for continued independence (population/citizenship base, economic diversification, military/security guarantees, historical precedent) and settled: Qatar and Oman stay their own fully independent countries (see their own regions below); Kuwait and Bahrain are absorbed into a Saudi successor state, officially named 2026-09-29 the 'Kingdom of Nejd and Hejaz' (see 'nejd_hejaz' below); the UAE ALSO settled staying fully independent, same day, closing out the last open piece of the former bloc. Real case, weighed directly: a live, severe, and current (2025-2026) rupture with the Nejd/Hejaz successor state specifically — the Yemen war split (UAE forces withdrew 2019 over strategy disagreements; by December 2025 UAE-backed southern separatists had seized territory in southern Yemen outright, prompting a Saudi demand for full Emirati withdrawal), real 2021/2023 OPEC+ production-quota fights bitter enough that the Saudi crown prince reportedly accused the UAE of 'stabbing us in the back,' the UAE's own planned 2026 OPEC departure, and the two backing opposite sides of Sudan's civil war (Saudi backs the Sudanese Armed Forces, the UAE backs the rival Rapid Support Forces) — observers already call this a 'rupture.' Also weighed: independent military/foreign policy already exercised (its own forward bases in Libya and Eritrea, a 1994 US Defense Cooperation Agreement, and its own unilateral 2020 Abraham Accords normalization with Israel, well ahead of Saudi Arabia), and a real 50+ year track record as its own successful federation (formed 1971 when Bahrain and Qatar each walked away from the same union talks to become their own separate states). Real vulnerabilities disclosed, not hidden: only ~12% of the population are native Emirati citizens (the same structural issue already disclosed, not disqualifying, for Qatar); Abu Dhabi dominates the internal federation (~95% of UAE oil, ~92% of its gas, ~2/3 of the whole economy, and the permanent federal presidency) while Dubai's own 2009 Dubai World debt crisis ($59B in debt, a market-shaking 'standstill' announcement, a $10B Abu Dhabi bailout Abu Dhabi explicitly kept 'case-by-case' rather than open-ended) showed real fragility in Dubai's specific growth model; and Saudi Arabia has a real historical territorial claim specifically on Abu Dhabi (asserted on the eve of the UAE's own 1971 independence, resolved only by a 1974 agreement) — a genuine old wrinkle, left resolved by that same real 1974 agreement rather than reopened. Capital Abu Dhabi also hosts a small neutral diplomatic district — see subdivisions.csv's own 'Abu Dhabi' note for the full detail; below this map's whole-subdivision rendering resolution, so documented as lore rather than drawn as its own map region."
north_yemen,North Yemen,core,Yemen:Taiz;Yemen:Ibb;Yemen:Al Hudaydah;Yemen:Sana'a;Yemen:Amanat Al Asimah;Yemen:Dhamar;Yemen:Hajjah;Yemen:'Amran;Yemen:Al Bayda;Yemen:Al Jawf;Yemen:Al Mahwit;Yemen:Marib;Yemen:Saada,high,"✅ SETTLED 2026-09-28: Yemen splits into two states, North and South, rather than staying one country — grounded in real, deep history the author walked through before deciding. The 'Republic of Yemen' (unified since 22 May 1990) is the historical anomaly, not the norm: North Yemen's own predecessor, a Zaydi Shia Imamate, ruled the highlands continuously in various dynastic forms from roughly the early Islamic caliphate's breakup until 1962 — the better part of a millennium, interrupted only by loose Ottoman suzerainty (ending 1918), never Western-colonized. Every decade since 1990 unification has also seen a real attempt to re-divide (the 1994 civil war, the 2014 Houthi takeover, the STC's rival southern administration 2018-January 2026, the current live Houthi offensive since September 2026). This region's borders follow the REAL pre-1990 Yemen Arab Republic (YAR) border, not the Zaydi/Shafi'i religious-cultural split this file used previously (they overlap substantially but are not identical — e.g. Ibb and Taiz are Shafi'i-majority religiously but were politically North Yemen). Confidence upgraded from medium to high given the real historical political border, not just a cultural extrapolation."
south_yemen,South Yemen,core,Yemen:Hadramaut;Yemen:Aden;Yemen:Al Mahrah;Yemen:Lahij;Yemen:Shabwah;Yemen:Abyan,high,"✅ SETTLED 2026-09-28, paired with North Yemen above — see that region's note for the full historical reasoning. This region follows the real pre-1990 People's Democratic Republic of Yemen (PDRY) border, the only Marxist state that ever existed in the Arab world, itself the successor to 128 years of direct British colonial rule over Aden (captured 1839, Crown Colony from 1937, independence 1967) — a completely separate trajectory from North Yemen's own Zaydi Imamate history and never governed by the same power until 1990."
south_yemen,South Yemen,socotra,Yemen:Socotra,high,"Kept as its own distinct flagged case within South Yemen, per the region's own real, documented UAE-linked/STC influence separate from the mainland conflict — administratively South Yemen/PDRY-derived historically, later moved between Aden and Hadramaut's jurisdiction, independent governorate status since 2013. ✅ SETTLED 2026-09-29, confidence upgraded medium→high: researched properly for the first time this session. Small (main island ~3,665 km², archipelago ~3,796 km² — about Long Island-sized), population only ~60,000, almost all on the main island. Two real, differently-pointing ties: ETHNICALLY/LINGUISTICALLY, Socotrans are indigenous Mahra people speaking Soqotri, a Modern South Arabian language closely related to Mehri — spoken in Al Mahrah, an actual mainland South Yemen governorate — a specific, real tie to Yemen, not a vague one. POLITICALLY, current real-world control is the UAE's: UAE troops seized the airport/seaport in 2018, and the UAE-backed Southern Transitional Council staged an actual coup in June 2020, installing its own local government (documented repression since — peaceful protests against the coup violently dispersed, journalists arrested). Author's own resolving principle, matching this map's own Woodard-style culture-over-control method (already used to correct Raqqa's SDF/AANES-tracking placement): 'if the people consider themselves Yemenis, then it makes sense that it would be part of Yemen' — and the population's own documented resistance to the UAE-backed coup (not welcoming it) supports that read. Stays part of South Yemen; UAE's political/military control noted as a real, live fact but not the basis for classification on a map that draws culture and identity, not who currently holds the airport."
dhale_disputed,Dhale (Disputed Territory),contested,Yemen:Dhale,high,"✅ SETTLED 2026-09-28: officially recognized as Disputed Territory between North and South Yemen, the same Kirkuk-style treatment used elsewhere in this package — not assigned to either new state. Grounded in real administrative history: Dhale governorate did not exist as such before 1990/1998 — it was created by literally stitching together pieces of both former states (5 of its original 9 districts from South Yemen/Lahij, 4 from North Yemen/Ibb and Ta'izz), sitting exactly on the old YAR/PDRY frontier near the historic Aden Protectorate boundary. It was also, before either state existed, the seat of its own independent local polity, the Emirate of Dhala — a genuine third layer of identity distinct from both successor states. This is the same structural case as Kaliningrad (Russia survey) and the Fergana enclaves (Central Asia survey): a real first-order subdivision that cannot be cleanly assigned to one side without erasing real mixed history."
khuzestan_unstable,Khuzestan (Unstable Territory),contested,Iran:Khuzestan,medium,"✅ SETTLED 2026-09-29: moved out of Persia's own 'arab' internal flag into its own distinct region, marked unstable rather than assigned a final outcome. Real, sourced case for TWO paths, neither chosen: (1) full independence as 'Arabistan' — the real pre-1925 Emirate of Muhammara autonomous polity (Sheikh Khaz'al Ibn Jabir, suppressed by Reza Shah 1924-25, the name itself erased from official use by 1936), and every actual separatist movement since (the 1979 APCO uprising, the 1980 Iranian Embassy siege in London by the 'Arab Popular Movement in Arabistan,' the more recent Ahwaz Falcons) has sought autonomy for Khuzestan itself, never annexation by Iraq; (2) reunification with Iraq's own Shia south specifically (not Iraq as a whole) — a path the 1980-88 Iran-Iraq War closed, since Khuzestan's Shia-majority population stayed loyal to Tehran's revolutionary Islamic government against Saddam's hostile Sunni Ba'athist Iraq despite shared Arab ethnicity, but this project's own settled decision that post-war Persia turns secular (see that region's own note) removes exactly the religious tie that made 1980's rejection make sense — a Shia-Arab Iraqi south is no longer competing against a Shia Islamic Republic, just an ordinary secular neighbor. Author's own words: 'for now, let's mark it as unstable territory.' Demographic grounding unchanged from the prior internal flag: no official ethnic census exists (estimates 1.6M-7M+ within the province), predominantly Shia (unlike the Sunni Kurdish/Baloch cases), genuinely split terrain (Zagros highlands north/east, Karun-River-fed marshy plain south/west, where the major oil fields — Ahvaz Field, Yadavaran — also sit), and a real wealth-extraction grievance (≈90% of Iran's oil revenue produced here against up to 90% rural poverty). ✅ SETTLED 2026-09-29: recolored to Persia's own color (#A8456B, was a distinct gray-brown #8F8570), with a diagonal hatch overlay drawn on top — author's own instruction: 'make Khuzestan the same color as Persia, but with hatch marks to illustrate the fact that it's not cleanly-settled.' This is the one deliberate exception to the same-day solid-color cleanup that otherwise removed all hatching from this map — Khuzestan visually reads as Persia's territory/sphere while the hatch keeps signaling its unresolved status, rather than looking like an ordinary, settled, distinctly-colored region alongside it."
persia,Persia,azeri,Iran:Ardabil;Iran:East Azerbaijan,high,"✅ SETTLED 2026-09-28: stays part of Iran/Persia, not a live partition question the way the Kurdish Nation is. Real, deep research done (frameworks survey §3.8, matching the Kurdish question's own depth): the population is enormous and contested (16-24% of Iran's population by some estimates, Tabriz itself 96.5% Azeri), and a real Soviet-backed secessionist state (the Azerbaijan People's Government) actually existed here 1945-46 — but it collapsed within a year the moment Soviet troops withdrew, showing the movement was externally sustained rather than organically rooted, unlike Kurdish nationalism's real patron-independent institutional depth (the KRG, the Peshmerga, the PKK). Tehran holds this region through genuine Shia-identity elite integration rather than coercion — Supreme Leader Khamenei and President Pezeshkian are both of Azerbaijani origin — the structural opposite of how Iran treats its Sunni Kurdish and Baloch minorities (the gozinesh loyalty-vetting system, documented discrimination). Author's own read: without a Moscow-equivalent external patron, this region's bargaining position against Tehran is structurally weak — one of the weakest separatist cases in the whole Middle East package. Real cultural grievances (language rights) persist and could still be developed as a non-territorial story later."
persia,Persia,core,Iran:Alborz;Iran:Bushehr;Iran:Chaharmahal and Bakhtiari;Iran:Fars;Iran:Gilan;Iran:Golestan;Iran:Hamadan;Iran:Hormozgan;Iran:Ilam;Iran:Isfahan;Iran:Kerman;Iran:Kohgiluyeh and Boyer-Ahmad;Iran:Lorestan;Iran:Markazi;Iran:Mazandaran;Iran:North Khorasan;Iran:Qazvin;Iran:Qom;Iran:Razavi Khorasan;Iran:Semnan;Iran:South Khorasan;Iran:Tehran;Iran:Yazd;Iran:Zanjan,high,"✅ SETTLED 2026-09-29: Ilam moved here from Kurdistan's own domain — the longest-open border question this whole session, finally settled. Disclosed tradeoff, not a clean call: unlike the Tunceli/Bingöl/Muş precedent (a whole province cleanly on one side of the mountain divide), Ilam itself straddles both sides — real Zagros highland in its north/east (the Kabir Kouh range, up to 2,775m at Kan Seifi peak, with real intermontane valley-plains used for crops/orchards between its parallel NW-SE ridges) and a real Mesopotamian-lowland-extension plain in its southwest (Dehloran/Musian/Dasht Abbas, 50-300m elevation, desert climate toward the Iraq border) — genuinely described as sitting at the transition zone between the Arabian and Iranian plateaus. Its Kurdish/Lak population is also less identity-ambiguous than Tunceli's contested Zaza/Alevi case, making the demographic argument for keeping it Kurdish stronger than it was for Bingöl/Muş. Applied anyway, on the author's own explicit call: 'I would say tie it in with Persia' — grounded in the province's own river system (the Seymareh, formed from the Ghamasiab and Kashkan, feeds the Karkheh, Iran's third-longest river at ~755 km) draining this same province, tying it hydrologically to Persia's own geography rather than Kurdistan's cross-border domain. ✅ SEPARATELY SETTLED 2026-09-29: this region_id/name also changed from 'iran'/'Iran' (settled just one day earlier, 2026-09-28) back to 'persia'/'Persia' — not a reversal of that decision, but a distinct in-world naming choice layered on top of it. Real nuance researched and disclosed: 'Iran' is actually the ancient native endonym (used since the Sassanid era, over 1,700 years), while 'Persia' is the Greek exonym the outside world used instead — so this isn't 'restoring the older name,' it's the post-war citizenry deliberately adopting a name that carries real symbolic weight today (Iranian monarchists, diaspora, and secular nationalists favor 'Persia' specifically to signal a break from the 'Islamic Republic of Iran' era and evoke pre-Islamic heritage). Author's own words, given this project's post-war setting is 'finally a secular society': 'they would identify themselves by their historical name.' Colors, tiers, and member subdivisions unchanged from the 'iran' row — see that rename's own note (frameworks survey references 'Iran' throughout as the real, present-day country name; this map-facing region_id is the only thing that changed)."
afghanistan,Afghanistan,hazara,Afghanistan:Bamyan;Afghanistan:Daykundi,low,
afghanistan,Afghanistan,mixed_extrapolated,Afghanistan:Badghis;Afghanistan:Baghlan;Afghanistan:Farah;Afghanistan:Ghazni;Afghanistan:Herat;Afghanistan:Kapisa;Afghanistan:Logar;Afghanistan:Samangan;Afghanistan:Sar-e Pol;Afghanistan:Uruzgan;Afghanistan:Wardak,low,
afghanistan,Afghanistan,mixed_sourced,Afghanistan:Balkh;Afghanistan:Ghor;Afghanistan:Kabul;Afghanistan:Kunduz,low,
afghanistan,Afghanistan,nuristani,Afghanistan:Nuristan,low,
afghanistan,Afghanistan,pashtun,Afghanistan:Helmand;Afghanistan:Kandahar;Afghanistan:Khost;Afghanistan:Kunar;Afghanistan:Laghman;Afghanistan:Nangarhar;Afghanistan:Paktia;Afghanistan:Paktika;Afghanistan:Zabul,low,"Kept as its own region (§7.4). Four internal Tier-2 zones from subdivisions.csv's own ethnic flags: Pashtun core, Tajik north (feeds the Persianate/Central Asian Bridge cross-map connector), Hazara center, Uzbek/Turkmen north (also feeds the Bridge). Directly-sourced mixed provinces (Kabul, Balkh, Kunduz, Ghor) marked as genuinely mixed rather than forced into one bucket. Nuristan flagged as its own distinct case. ✅ SETTLED 2026-09-28: Afghanistan stays whole territorially, no partition applied — grounded in the real, well-documented fact that no outside power (British Empire x3, USSR 1979-89, NATO/US 2001-2021) has ever successfully conquered or held it; the terrain that defeats foreign occupiers is real and decisive. ⚠️ FLAGGED, explicitly distinguished by the author: that immunity is to OUTSIDE conquest specifically, not to internal fragmentation — any successful break in the country's unity would have to come from within, not from a foreign power. Real, precedented basis for this: the 1992-2001 civil war's Northern Alliance was a coherent, organized coalition along almost exactly this region's own Tier-2 lines — Tajiks under Massoud (Jamiat-i-Islami), Uzbeks under Dostum (Junbish-i-Milli), Hazara Shias under Khalili/Mohaqiq (Hizb-i-Wahdat) — fighting the Pashtun-dominated Taliban, with Iran backing the Alliance against Pakistan's backing of the Taliban. The current Taliban government is actively re-priming that same fracture rather than healing it: per the Middle East Institute's own May 2026 tracker, 90% of senior/mid-level Taliban figures are Pashtun against just 5.2% Tajik and ~3% Uzbek, despite Pashtuns being only 40-45% of the actual population; the 49-member cabinet has 2 Tajiks, 2 Uzbeks, 2 Baloch, 1 Nuristani and essentially no Hazara or Shia representation; real power is reported concentrated in a narrow circle of Kandahari Pashtuns specifically, with non-Pashtun officials reportedly being actively removed via arrests, dismissals, and in some cases killings. Not designed or dated as an outcome — a real, sourced-enough premise for a later session to build out (a Northern-Alliance-style internal breakaway/civil-war scenario), the same category of flagged-not-built item as Uzbekistan's Samarkand/Bukhara scenario and Osh's disputed-territory question. ✅ CONFIRMED 2026-09-28, divisions review closed: author explicitly reviewed Afghanistan's borders (both its overall territorial extent and its internal Pashtun/Tajik/Hazara/Uzbek Tier-2 sub-zones) and confirmed no changes needed — 'we can pretty much leave its borders as-is. There's not really much reason to change it.' No further border work expected here unless reopened. ✅ SETTLED 2026-09-29: Nimruz (formerly this region's own baloch_mix tier) moved OUT to the new cross-border Balochistan region (core tier, upgraded same day from an initial domain-tier draft) — see that region's own note for the full settled secession/unification scenario. This is the one true exception to the 'divisions review closed' status above: it changes Afghanistan's own territorial extent, not just documentation, because the author is now building out the Baloch scenario the Northern-Alliance paragraph above once treated as only a flagged, undated premise. ✅ CONFIRMED 2026-09-29: with that one carve-out applied, the author explicitly reaffirmed the remainder of Afghanistan's territory — every Tier-2 zone in this row and the hazara/tajik/uzbek_turkmen/nuristani/mixed_sourced/mixed_extrapolated rows below — as conclusively Afghanistan: 'the rest of what we understand to be Afghanistan (that hasn't been partitioned away), mark as conclusively Afghanistan.' No further change to Afghanistan's own territorial extent expected unless explicitly reopened. ✅ CONFIRMED 2026-09-29: author's own hypothesis tested — that if the Tier-2 zones above actually separated (not merely contested for control of the whole country, the Northern Alliance premise above), none could plausibly survive independently, so the land stays whole either way. Evidence found is real but mixed, not uniform: Hazara (Bamyan/Daykundi) confirms it strongly — both provinces are entirely landlocked within Afghanistan's own other provinces, no international border at all, plus no significant documented resource base; but Tajik north (Badakhshan alone touches three international borders — Tajikistan, China via the Wakhan Corridor, and Pakistan) and Uzbek/Turkmen north (real natural gas/oil fields, direct Uzbekistan/Turkmenistan borders) are actually stronger independent-viability cases than the hypothesis assumed. What holds regardless: every piece shares Afghanistan's own acute two-neighbor trade dependency (Pakistan 42%, India 40% of exports), with even less leverage individually. 'Stays whole' is CONFIRMED, not reversed, by this research — now grounded in real economic/geographic viability alongside the existing outside-conquest-immunity reasoning. Full sourcing in frameworks survey §7.5."
afghanistan,Afghanistan,tajik,Afghanistan:Badakhshan;Afghanistan:Panjshir;Afghanistan:Parwan;Afghanistan:Takhar,low,
afghanistan,Afghanistan,uzbek_turkmen,Afghanistan:Faryab;Afghanistan:Jowzjan,low,
georgia,Georgia,adjara_muslim,Georgia:Adjara,high,"Added 2026-09-28 (South Caucasus survey). An ancient, self-contained Kartvelian/Georgian Orthodox civilizational core predating every empire that's since claimed it (earliest Christianization 4th century CE). Adjara carries a distinct hatch within this region (real Muslim-Georgian religious minority, Ottoman-era legacy) — kept inside the core, not split out, since it's a religious rather than ethnic distinction. ✅ SETTLED 2026-09-29: researched properly and confirmed as Georgia's long-term Autonomous Zone, current treatment kept as-is. Real facts checked: capital Batumi (Georgia's 2nd-largest city, ~403,000 people, region ~2,880 km²); religious split traces to the 1614 Ottoman conquest and ~200 years of gradual Islamization; but the CURRENT 2024 census actually shows Adjara Orthodox-majority again (59.5% Orthodox, 33.9% Muslim), with real internal variation (mountainous Khulo ~95.3% Muslim vs. coastal Kobuleti ~71% Orthodox) that this map's whole-governorate resolution can't further resolve. Most load-bearing fact: Adjara is the ONLY autonomous region in the whole South Caucasus with no secessionist conflict since Soviet dissolution — Adjarians maintained a strong Georgian national identity throughout, including under a genuinely authoritarian local strongman (Aslan Abashidze, 1991-2004), despite real Turkish and Russian geopolitical interest. Author's own call: 'if its long-term status is as an Autonomous Zone, then let's just go ahead and keep it that way.' No map change — already correctly a flagged religious minority within Georgia's core, not a separate region."
georgia,Georgia,core,Georgia:Guria;Georgia:Imereti;Georgia:Kakheti;Georgia:Kvemo Kartli;Georgia:Mtskheta-Mtianeti;Georgia:Racha-Lechkhumi and Kvemo Svaneti;Georgia:Samegrelo-Zemo Svaneti;Georgia:Samtskhe-Javakheti;Georgia:Shida Kartli;Georgia:Tbilisi,high,"✅ RENAMED 2026-09-29: display name simplified from 'Georgia (Kartvelian/Orthodox)' to plain 'Georgia' — author's own instruction ('just call them Georgia, Armenia, and Azerbaijan'). The dropped parenthetical (Kartvelian ethnicity, Georgian Orthodox faith) stays fully documented in this row's own notes elsewhere in this file and in the South Caucasus frameworks survey; only the display label changed. region_id/color/member subdivisions unchanged."
abkhazia,Abkhazia (contested),core,Georgia:Abkhazia,medium,"Added 2026-09-28. Kept as its OWN region, not folded into Georgia — Abkhaz is a genuinely separate Northwest Caucasian ethnolinguistic group, the same logic that kept Karakalpakstan separate from the Uzbek Oasis Civilization in the Central Asia package. De facto independent, Russian-garrisoned/recognized since 2008. DISPUTED, NOT RESOLVED — Kirkuk/Israel-Palestine-tier open question, marked with its own distinguishable contested hatch."
south_ossetia,South Ossetia (contested),core,Georgia:South Ossetia (Tskhinvali Region),medium,"Added 2026-09-28. Kept as its own region for the same ethnic-distinctness reason as Abkhazia — Ossetian is Iranic/Indo-European, unrelated to Kartvelian Georgian. Real formal-status asymmetry with Abkhazia: Georgia does not currently recognize it as a constitutional Autonomous Republic the way Abkhazia formally still is. De facto independent/Russian-garrisoned since the 2008 war. DISPUTED, NOT RESOLVED, given a hatch distinguishable from Abkhazia's own."
azerbaijan,Azerbaijan,core,Azerbaijan:Absheron-Khizi;Azerbaijan:Baku;Azerbaijan:Central Aran;Azerbaijan:East Zangezur;Azerbaijan:Ganja-Dashkasan;Azerbaijan:Gazakh-Tovuz;Azerbaijan:Guba-Khachmaz;Azerbaijan:Karabakh;Azerbaijan:Lankaran-Astara;Azerbaijan:Mil-Mughan;Azerbaijan:Mountainous Shirvan;Azerbaijan:Nakhchivan;Azerbaijan:Shaki-Zagatala;Azerbaijan:Shirvan-Salyan,high,"Added 2026-09-28. A modern, Turkic, Shia-Muslim-majority nation-state whose founding identity is explicitly twinned with Turkey's ('one nation, two states,' the 2021 Shusha Declaration) — qualitatively different from Georgia's/Armenia's ancient civilizational cores, flagged rather than flattened into the same framing. Nakhchivan is a genuine geographic exclave, drawn as part of this region despite being physically separated by Armenian territory. Connects to the Pan-Turkic tie (a real drawn connector arc to Anatolia, not label-only). Geometry note: dissolved from Natural Earth's 78 rayon-level polygons per a sourced rayon-to-economic-region mapping, since NE carries no economic-region-level geometry directly; Lachin district (East Zangezur) has no NE polygon at all, flagged not fabricated. ✅ SETTLED 2026-09-29: Nakhchivan's own independence question researched and closed — formally the Nakhchivan Autonomous Republic (same formal category as Georgia's own Adjara, confirmed the same day), with its own elected 45-member Supreme Assembly but constitutionally integral to Azerbaijan. Population ~459,600 (2019), 99.7% Azerbaijani, 0.3% Kurds — no separatist identity basis at all; its one brush with 'independence' (January 1990, the first part of the entire USSR to declare it, weeks before Lithuania) was a protest against Soviet suppression of Azerbaijan's OWN national movement, done in solidarity with Baku, not a bid to separate from Azerbaijan. Economically fragile (real unemployment/energy shortages, emigration to Turkey so heavy that Istanbul's Besler district is now mostly Nakhchivanis) and totally geography-dependent (landlocked, bordered by Armenia/Iran/a small Turkey strip, decades of Armenian-then-Turkish blockade since the late 1980s/1993). No plausible path to genuine independent statehood found. Author's own call: 'keep it as an Azerbaijani Autonomous Republic.' No map change — already correctly drawn as part of Azerbaijan's own core territory. ✅ RENAMED 2026-09-29: display name simplified from 'Azerbaijan (Turkic/Shia)' to plain 'Azerbaijan' — author's own instruction ('just call them Georgia, Armenia, and Azerbaijan'). The dropped parenthetical stays fully documented in this row's own notes above and in the South Caucasus frameworks survey; only the display label changed. region_id/color/member subdivisions unchanged."
armenia,Armenia,core,Armenia:Aragatsotn;Armenia:Ararat;Armenia:Armavir;Armenia:Gegharkunik;Armenia:Kotayk;Armenia:Lori;Armenia:Shirak;Armenia:Tavush;Armenia:Vayots Dzor;Armenia:Yerevan,high,"Added 2026-09-28. The other ancient, self-contained civilizational core in this package — first state in the world to adopt Christianity officially, 301 CE. Syunik carries a distinct flag (not a separate region): Armenia's most valuable open external border (to Iran) and the specific territory the proposed Zangezur Corridor/TRIPP would cross to link Azerbaijan's mainland to Nakhchivan. Also carries a deliberately light, low-confidence optional marker tying its Yazidi population to the Kurdish Nation region — a live, unsettled identity question per the source survey, not just a sourcing gap, so drawn as a dotted circle rather than solid domain territory. ✅ RENAMED 2026-09-29: display name simplified from 'Armenia (Apostolic)' to plain 'Armenia' — author's own instruction ('just call them Georgia, Armenia, and Azerbaijan'). The dropped parenthetical (the Armenian Apostolic Church, the world's oldest national church) stays fully documented in this row's own notes above and in the South Caucasus frameworks survey; only the display label changed. region_id/color/member subdivisions unchanged. Note: the Yazidi-tie dotted-circle marker described above was itself removed from the actual rendered map in a separate 2026-09-29 cleanup pass (all cross-region tie/sphere annotation lines removed) — the underlying research is unaffected, see STATUS tracker."
armenia,Armenia,syunik_flag,Armenia:Syunik,high,
balochistan,Balochistan,core,Iran:Sistan and Baluchestan;Pakistan:Baluchistan;Afghanistan:Nimruz,medium,"✅ SETTLED 2026-09-29: a new cross-border region, drawn the same 'Amazonia-style' continuous way as Kurdistan — a successful Baloch secession and cross-border unification, spanning Iran/Persia's Sistan and Baluchestan, Pakistan's Baluchistan (reached into specifically for this one province — Pakistan is otherwise entirely outside this project's mapped scope, South Asia having been excluded from the start), and Afghanistan's Nimruz. Author's own framing: 'The Balochi areas of Persia, Afghanistan, and Pakistan successfully unite and gain control over a seaport.' Two real, present-day facts anchor this rather than pure invention: (1) Baloch separatist leaders already formally declared a 'Republic of Balochistan' from Pakistan in May 2025 — a genuine breakaway, NOT recognized or supported by Islamabad, which continues to fight the insurgency militarily and designates the BLA a terrorist organization (Britain does too) — giving this scenario a real, live precedent rather than a clean invention; (2) Chabahar, Iran's only oceanic port and the maritime anchor of India's own INSTC trade corridor (built explicitly as a counter to Chinese-backed Gwadar, just 72 km away in Pakistan), already sits inside Sistan and Baluchestan itself, so the new state's seaport goal is met without needing to reach into Pakistani territory at all. All three pieces are independently Baloch-majority and all three anchor the union — Pakistan's Baluchistan via the already-declared 2025 republic, Iran's Sistan and Baluchestan via the post-collapse secession this project is building, and Afghanistan's Nimruz as the necessary geographic link (it borders both other pieces directly: Iran's Sistan and Baluchestan to the west, Pakistan's Baluchistan to the south). Real demographic grounding: Sistan and Baluchestan is genuinely Baloch-majority and Iran's poorest province; it is also, unusually among this map's minority regions, a 'double minority' case (ethnically Baloch AND overwhelmingly Sunni in a Shia-majority state), which is part of why this project's own research flagged it as the most structurally severe separatist case in the whole Persia package. Nimruz is Baloch-majority at a real but less overwhelming ~60% (~25% Pashtun, ~5% Brahui per UNFPA/NPS Afghanistan sourcing) — initially drawn as domain tier for that reason, then upgraded to full core tier the same day on the author's own explicit instruction: full, equal inclusion in the union rather than a lighter tie. This is also the one place this scenario visibly overlaps Afghanistan's own already-flagged Northern-Alliance-style internal-fragmentation premise (afghanistan/pashtun row) — both premises assume Afghanistan's post-Taliban unity doesn't hold, from different directions. Sourced further in the frameworks survey's own §9. Geometry note: Pakistan's Baluchistan is drawn from Natural Earth's own admin-1 'Baluchistan' feature (PAK-1108); the rest of Pakistan remains an ordinary out-of-scope gray neighbor, unaffected by this one province's inclusion."
jerusalem,Jerusalem (Neutral City),core,Israel:Jerusalem District;Palestinian Territories:Jerusalem (al-Quds),high,"✅ SETTLED 2026-09-29: a new region, merging Israel's Jerusalem District claim and the Palestinian Authority's own Jerusalem (al-Quds) governorate claim over the same ground — previously drawn as an unresolved overlapping/contested claim, now resolved as its own separate, neutral entity rather than assigned to either successor state. Author's own words, following the settled decision that Jerusalem takes no damage at all in the post-collapse mutual nuclear exchange (frameworks survey §2.7): 'Jerusalem is under a mutually shared international administration. It ends up being a truly neutral city, due to the fact that nobody anywhere wants to cause harm to it because everybody has a vested-interest stake in its existence.' This is not an invented resolution — it is, in effect, a return to the corpus separatum concept the 1947 UN Partition Plan itself originally proposed for Jerusalem (frameworks survey §2.1), international administration belonging to neither a Jewish nor an Arab state, never implemented before the 1948 war overtook it. Rendered as core tier (solid, no hatch) rather than contested, since this is a settled resolution, not a live dispute — the opposite treatment from Kirkuk/Dhale/Khuzestan's own hatched 'unresolved' cases."
qatar,Qatar,core,Qatar:Al Daayen;Qatar:Al Khor;Qatar:Al Rayyan;Qatar:Al Shamal;Qatar:Al Sheehaniya;Qatar:Al Wakra;Qatar:Doha;Qatar:Umm Slal,high,"✅ SETTLED 2026-09-29: split out of the retired generic 'Arabia' bloc as its own fully independent country — see that region's own note for the full context. Real case for continued independence, weighed directly: the highest GDP per capita in the world (driven by being the largest LNG exporter), and a demonstrated willingness/ability to resist Saudi coercion specifically — the 2017-2021 Saudi-led blockade of Qatar (joined by the UAE, Bahrain, and Egypt) was a real, serious attempt to force Qatar into line, and Qatar weathered it without capitulating. Also hosts the US Al Udeid Air Base, an external security guarantee independent of Saudi Arabia. Real vulnerability disclosed, not hidden: its own citizenry is a small minority of the country's population (the same structural issue as the UAE), and geographically it is literally a peninsula jutting from Saudi territory — its only land border is with Saudi Arabia itself."
oman,Oman,core,Oman:Ad Dakhiliyah;Oman:Al Batinah North;Oman:Al Batinah South;Oman:Al Buraimi;Oman:Al Dhahirah;Oman:Al Sharqiyah North;Oman:Al Sharqiyah South;Oman:Al Wusta;Oman:Dhofar;Oman:Musandam;Oman:Muscat,high,"✅ SETTLED 2026-09-29: split out of the retired generic 'Arabia' bloc as its own fully independent country — see that region's own note for the full context. The most genuinely distinct identity case of the whole former bloc: roughly 45% of Oman's Muslim population is Ibadi (a real third branch of Islam, neither Sunni nor Shia, historically concentrated almost nowhere else at this scale, alongside a roughly equal 45% Sunni share and ~5% Shia), a former maritime empire in its own right (once ruled Zanzibar and the East African coast), and a real, maintained independent/neutral foreign policy (mediating Iran-US backchannels, for instance). It also controls the Musandam Peninsula overlooking the Strait of Hormuz — genuine strategic leverage. Real vulnerability disclosed: the poorest of the six former-bloc countries by 2026 GDP per capita ($21,897), and shares long borders with Saudi Arabia, the UAE, and Yemen."
nejd_hejaz,Kingdom of Nejd and Hejaz,core,Saudi Arabia:Al-Baha;Saudi Arabia:Al-Jouf;Saudi Arabia:Al-Qassim;Saudi Arabia:Asir;Saudi Arabia:Hail;Saudi Arabia:Jazan;Saudi Arabia:Mecca;Saudi Arabia:Medina;Saudi Arabia:Najran;Saudi Arabia:Northern Borders;Saudi Arabia:Riyadh;Saudi Arabia:Tabuk;Kuwait:Ahmadi;Kuwait:Al Asimah;Kuwait:Farwaniya;Kuwait:Hawalli;Kuwait:Jahra;Kuwait:Mubarak Al-Kabeer,medium,"✅ SETTLED 2026-09-29: split out of the retired generic 'Arabia' bloc, then officially named the same day — 'Kingdom of Nejd and Hejaz,' a REAL historical name (1926-1932) used by this same Al Saud dynasty for its predecessor state, chosen over inventing a new name. Absorbs Kuwait and Bahrain (see this region's own shia_majority tier below) alongside Saudi Arabia's own territory. Weakest independence cases of the former bloc, weighed directly: Kuwait's strongest evidence is NEGATIVE — Iraq's 1990 invasion fully occupied it, and it was only restored by an international coalition, not its own strength; it also shares long land borders with both Saudi Arabia and Iraq, and the two once shared a literal 'Neutral Zone' with Saudi before it was formally divided. Bahrain is closer to a de facto Saudi dependency already even today: physically connected by the King Fahd Causeway (built for exactly this kind of integration), and in 2011 Saudi Arabia and the UAE sent troops directly into Bahrain (the Peninsula Shield Force) to help its Sunni monarchy suppress a Shia-majority uprising — opposition figures called it 'an occupation' outright. Real historical grounding for the rename: the current kingdom is actually the THIRD Saudi state — the Al Saud dynasty was destroyed once by Ottoman-Egyptian forces (1818, ending the First Saudi State/Emirate of Diriyah) and defeated a second time by the rival Rashidi dynasty (1891, forcing exile in Kuwait, ending the Second Saudi State/Emirate of Nejd) before Abdul-Aziz Al Saud fought back from that same Kuwaiti exile from 1902 onward, eventually uniting Nejd and Hejaz (the Hashemite-ruled western region with Mecca/Medina, conquered 1925) into the 1926-1932 'Kingdom of Nejd and Hejaz' before rebranding it 'Saudi Arabia' in 1932. Two open questions the author explicitly settled: (1) territorial fit — like the original 1926-1932 kingdom and like this same project's 'Persia' or the real 'Saudi Arabia,' the name doesn't need to cover literally 100% of the successor state's territory (Kuwait/Bahrain/Eastern Province included) to be a fitting name for the whole; (2) governmental form — the author confirmed 'Kingdom' is characteristically consistent for this region regardless of which specific family/bloodline ends up ruling, since every real Gulf state today is a monarchy and both prior Saudi-state collapses (1818, 1891) were followed by continued dynastic/tribal rule (once under a rival house, the Rashidis) rather than any republican turn — so the ruling bloodline is explicitly left open, not assumed to be the same Al Saud line as today's real-world Saudi Arabia."
nejd_hejaz,Kingdom of Nejd and Hejaz,shia_flag,Saudi Arabia:Eastern Province,high,See the core row's own note for the full context. Unchanged from the old 'arabia' region's own shia_flag tier — the Eastern Province's real Shia minority (Ghawar oil-region population).
nejd_hejaz,Kingdom of Nejd and Hejaz,shia_majority,Bahrain:Capital;Bahrain:Muharraq;Bahrain:Northern;Bahrain:Southern,high,"See the core row's own note for the full context, including the 2011 Saudi/UAE military intervention that helped suppress this population's own uprising against Sunni-monarchy rule. Unchanged from the old 'arabia' region's own shia_majority tier — Bahrain's real Shia-majority population (~50%, per frameworks survey §4)."
