lang_id,language,family
Punjabi,Punjabi,Indo-Aryan
Saraiki,Saraiki,Indo-Aryan
Sindhi,Sindhi,Indo-Aryan
Urdu,Urdu,Indo-Aryan
Hindko,Hindko,Indo-Aryan
Pahari-Pothwari,Pahari-Pothwari,Indo-Aryan
Kashmiri,Kashmiri,Dardic
Shina,Shina,Dardic
Khowar,Khowar,Dardic
Kohistani,Kohistani,Dardic
Nepali,Nepali,Indo-Aryan
Maithili,Maithili,Indo-Aryan
Bhojpuri,Bhojpuri,Indo-Aryan
Tharu,Tharu,Indo-Aryan
Bengali,Bengali,Indo-Aryan
Sylheti,Sylheti,Indo-Aryan
Chittagonian,Chittagonian,Indo-Aryan
Rajbanshi,Rajbanshi-Kamtapuri,Indo-Aryan
Assamese,Assamese,Indo-Aryan
Sinhala,Sinhala,Indo-Aryan
Pashto,Pashto,Iranic
Balochi,Balochi,Iranic
Wakhi,Wakhi,Iranic
Hazaragi,Hazaragi,Iranic
Brahui,Brahui,Dravidian
Tamil,Tamil,Dravidian
Burushaski,Burushaski,Isolate
Balti,Balti,Tibeto-Burman
Dzongkha,Dzongkha,Tibeto-Burman
Sharchop,Sharchop,Tibeto-Burman
Bhutanese-other,Other Bhutanese languages (Kurtoep Bumthangkha Brokpa etc),Tibeto-Burman
Sikkimese,Sikkimese-Bhutia,Tibeto-Burman
Lepcha,Lepcha,Tibeto-Burman
Sherpa-Tibetan,Sherpa and other Tibetic,Tibeto-Burman
Newar,Newar,Tibeto-Burman
Magar,Magar,Tibeto-Burman
Gurung,Gurung,Tibeto-Burman
Tamang,Tamang,Tibeto-Burman
Kiranti,Rai and Limbu (Kiranti),Tibeto-Burman
Bodo,Bodo,Tibeto-Burman
Garo,Garo,Tibeto-Burman
Karbi,Karbi,Tibeto-Burman
Dimasa,Dimasa,Tibeto-Burman
Mising-Tani,Tani group (Nyishi Adi Galo Apatani Tagin Mising),Tibeto-Burman
Monpa,Monpa-Sherdukpen,Tibeto-Burman
Mishmi,Mishmi,Tibeto-Burman
Naga-Angami-Sumi,Naga (Angami Chakhesang Sumi Lotha Rengma and related),Tibeto-Burman
Naga-Ao-Konyak,Naga (Ao Konyak Chang Phom Sangtam Yimkhiung Khiamniungan),Tibeto-Burman
Naga-Tangkhul-Zeliangrong,Naga (Tangkhul Mao Poumai Zeliangrong Maram Anal Moyon),Tibeto-Burman
Meitei,Meitei (Manipuri),Tibeto-Burman
Kuki-Chin,Kuki-Zo (Thadou Paite Hmar Zou Vaiphei Gangte Simte),Tibeto-Burman
Mizo,Mizo (Lushai),Tibeto-Burman
Tripuri,Kokborok (Tripuri Reang),Tibeto-Burman
Jumma,Chakma Marma and other Hill Tracts languages,Tibeto-Burman
Khasi,Khasi-Pnar,Austroasiatic
Santali,Santali-Munda,Austroasiatic
Tai,Tai (Khamti Ahom-heritage Phake Aiton),Tai-Kadai
Sadri,Sadri-Adivasi Sadani (tea belt lingua franca),Indo-Aryan
