sphere_id,sphere_name,scope_note
S01,Nepali-speaking Ring,Nepali/Gorkha-speaking population beyond Nepal: Sikkim Darjeeling-Kalimpong southern Bhutan (Lhotshampa) Dooars tea belt and the Nepal hills
S02,Bengali Sphere,Bengali-speaking population outside the Bengal Delta core: Barak Valley Tripura plains Siliguri and Bengali-origin Assam districts
S03,Himalayan Buddhist Sphere,Vajrayana Buddhist highland cultures: Bhutan Sherpa-Bhotiya Sikkim Tawang-Monpa
S04,Zo Kin Sphere,Mizo Kuki-Zo Chin kin peoples across Mizoram Manipur hills and the Myanmar border
S05,Nagalim Claim,Naga-inhabited districts as claimed on the NSCN-IM Nagalim map (claim geography not settled fact; includes districts where Naga are a minority: flag)
S06,Up-country Tamil Sphere,Indian-origin (Malaiyaha) Tamils of the Sri Lankan tea highlands
S07,Adivasi Tea-Labor Sphere,Adivasi tea-garden communities of Assam and the Dooars
S08,Tharu Sphere,Tharu communities of the Terai (west Nepal Terai)
S09,Kirat Sphere,Kirat religion and identity across Kiranti Nepal Sikkim Darjeeling
S10,Char Miya Bengali-Muslim Sphere,Bengali-origin Muslim communities of central-western Assam (Dhubri Barpeta Nagaon Morigaon Goalpara Darrang etc)
S11,Pashtun Diaspora Sphere,Pashto-speaking populations in Sindh (esp Karachi) and outside the Pashtun Rim
S12,Baloch Diaspora Sphere,Balochi speakers in Karachi and Punjab-Sindh fringes
S13,Hazara-Hindko Sphere,Hindko and Hazara-Division non-Pashtun bloc
S14,Rohingya-Chittagonian Coast,Chittagonian speech and Rohingya camp population of Cox's Bazar
S15,Moor-Muslim Sphere,Sri Lankan Moor and Malay Muslim populations of the east and scattered districts
