polity_id,polity_name,category,provinces,anchor_cities,lat_north,lat_south,lon_west,lon_east,color_hex,color_name,status_map_a,status_map_b1,status_map_b2,status_map_b3,status_map_c,status_map_d,status_map_e,status_map_f,notes
SIN,The Sinian Federation,federation,-,Beijing; Xi'an; Shanghai; Guangzhou; Wuhan; Chengdu,42.8,18.1,89.4,122.5,#3FA9C9,cyan,ABSENT,ABSENT,ABSENT,ABSENT,ABSENT,SOVEREIGN,SOVEREIGN,SOVEREIGN,A pure container - it holds no provinces of its own and receives the nine Han states. Draw the internal member boundaries as thin lines if an internal map is wanted; on these six they are one country.
NCP,The North China Plain,han state,Beijing; Tianjin; Hebei; Shandong; Henan,Beijing; Tianjin; Jinan; Qingdao; Zhengzhou; Luoyang,41.1,31.4,110.4,122.7,#4FC3D9,bright cyan,SOVEREIGN,SOVEREIGN,SOVEREIGN,SOVEREIGN,SOVEREIGN,MERGED:SIN,MERGED:SIN,MERGED:SIN,The capital core and the Confucian heartland. Holds Beijing and therefore the claim to be the real successor - but it is NOT the largest; Bashu outweighs it.
NW,The Northwest,han state,Shaanxi; Gansu; Ningxia,Xi'an; Lanzhou; Yinchuan,40.8,32.0,92.5,111.3,#2E8CA8,deep cyan,SOVEREIGN,SOVEREIGN,SOVEREIGN,SOVEREIGN,SOVEREIGN,MERGED:SIN,MERGED:SIN,MERGED:SIN,One opera tradition (Qinqiang) spans Shaanxi; Gansu and Ningxia. Guanzhong was the Qin; Han; Sui and Tang capital region - the classic base from which China gets unified. GAINS QINGHAI AT MAP B1 (and at B3 on the other branch).
QH,Qinghai,frontier polity,Qinghai,Xining; Golmud,39.2,31.6,89.4,103.1,#6FA8B8,muted blue,SOVEREIGN,MERGED:NW,SOVEREIGN,MERGED:NW,MERGED:NW,MERGED:SIN,MERGED:SIN,MERGED:SIN,SOVEREIGN ON MAPS A AND B2. Merges into The Northwest at B1 and stays merged thereafter. B1 and B2 are parallel branches - the chronological order of this merge against the Mongol one is NOT ESTABLISHED. The most plural first-order unit in the survey - Han 50.5-54%; Tibetan 20.7-21%; Hui 16%; Tu 4%. Deliberately colored as a lighter kin of The Northwest so the reader sees the merge coming; the same trick used for Mongolia and Inner Mongolia. Never Tibetan: giving it to Tibet would have cut Tibet from 86.0% to 45.6% Tibetan.
BAS,Bashu,han state,Sichuan; Chongqing; Hubei; Yunnan; Guizhou,Chengdu; Chongqing; Wuhan; Kunming; Guiyang,33.3,21.1,97.5,116.2,#7FD8E8,pale cyan,SOVEREIGN,SOVEREIGN,SOVEREIGN,SOVEREIGN,SOVEREIGN,MERGED:SIN,MERGED:SIN,MERGED:SIN,THE LARGEST OF THE HAN STATES at ~260 million; and the most persistent breakaway in Chinese history - Shu; Shu Han; Cheng Han; Former Shu; Later Shu; and a de facto independent warlord Sichuan into the 1930s. Ringed by mountains with the Qinling sealing it from the north.
JIN,Jin,han state,Shanxi,Taiyuan; Datong,40.7,34.6,110.2,114.6,#B5651D,dark sienna,SOVEREIGN,SOVEREIGN,SOVEREIGN,SOVEREIGN,SOVEREIGN,MERGED:SIN,MERGED:SIN,MERGED:SIN,Shanxi alone. Northern Han (capital Taiyuan) in the Ten Kingdoms and Yan Xishan's Shanxi clique in the Warlord Era - the same single province becoming a state twice; a thousand years apart. Yan Xishan kept Shanxi on a deliberately different railroad gauge from the rest of China.
WU,Wu,han state,Shanghai; Zhejiang; Jiangsu; Anhui,Shanghai; Hangzhou; Suzhou; Nanjing; Ningbo,34.9,27.0,114.9,122.2,#8E6FB8,purple,SOVEREIGN,SOVEREIGN,SOVEREIGN,SOVEREIGN,SOVEREIGN,MERGED:SIN,MERGED:SIN,MERGED:SIN,Wuyue (capital Hangzhou) in the Ten Kingdoms. ABSORBS JIANGHUAI - Jiangsu and Anhui are Mandarin-speaking ground that Skinner places in the same macroregion as Wu; so they are folded in rather than drawn as a separate state. That makes Wu the industrial core: Shanghai; Baosteel and the two largest ports.
GAN,Gan,han state,Jiangxi,Nanchang; Jiujiang; Ganzhou,30.1,24.5,113.6,118.5,#5B8DD6,blue,SOVEREIGN,SOVEREIGN,SOVEREIGN,SOVEREIGN,SOVEREIGN,MERGED:SIN,MERGED:SIN,MERGED:SIN,Jiangxi. Corresponds cleanly to one province; which is rare here.
XIA,Xiang,han state,Hunan,Changsha; Hengyang; Xiangtan,30.1,24.6,108.8,114.3,#9AA5B1,grey,SOVEREIGN,SOVEREIGN,SOVEREIGN,SOVEREIGN,SOVEREIGN,MERGED:SIN,MERGED:SIN,MERGED:SIN,Hunan. Chu (capital Changsha) in the Ten Kingdoms; Hunan warlords in the 1920s.
MIN,Min,han state,Fujian; Hainan,Fuzhou; Xiamen; Quanzhou; Haikou,28.3,18.1,115.8,120.5,#D4A017,gold,SOVEREIGN,SOVEREIGN,SOVEREIGN,SOVEREIGN,SOVEREIGN,MERGED:SIN,MERGED:SIN,MERGED:SIN,Min (capital Fuzhou) in the Ten Kingdoms. Min is five languages compressed into one state - splitting it five ways would give Fujian more weight than the entire north. THE ONLY BRANCH THAT SPANS THE STRAIT; which is why Taiwan is a live question in every era.
YUE,Yue,han state,Guangdong; Guangxi; Hong Kong; Macau,Guangzhou; Hong Kong; Macau; Shenzhen; Nanning,25.5,20.2,104.5,117.2,#E8B44F,yellow orange,SOVEREIGN,SOVEREIGN,SOVEREIGN,SOVEREIGN,SOVEREIGN,MERGED:SIN,MERGED:SIN,MERGED:SIN,Southern Han (capital Guangzhou) in the Ten Kingdoms; Guangdong warlords and the Guangxi cliques in the 1920s. Holds the Pearl River Delta. Guangxi is 31.36% Zhuang and 62.48% Han - a large minority; not an ethnic territory.
HAK,Hakka,non-territorial,-,Meixian; Longyan; Ganzhou,26.5,23.0,113.5,117.5,#A9784F,brown,NON-TERRITORIAL,NON-TERRITORIAL,NON-TERRITORIAL,NON-TERRITORIAL,NON-TERRITORIAL,NON-TERRITORIAL,NON-TERRITORIAL,NON-TERRITORIAL,44 MILLION PEOPLE AND NO GROUND IN ANY ERA. Scattered pockets in the hills where Guangdong; Fujian and Jiangxi meet - the interstices of three provinces and three macroregions. DRAW AS HATCHED CIRCLES WITH A LEADER LINE LABELED 'Hakka (no territory)' ON EVERY MAP. Never give it a border. This is Woodard's Greater Appalachia exactly.
MAN,Manchuria,frontier polity,Liaoning; Jilin; Heilongjiang,Shenyang; Harbin; Changchun; Dalian; Daqing,53.6,38.7,118.8,135.1,#4C9A5A,green,SOVEREIGN,SOVEREIGN,SOVEREIGN,SOVEREIGN,SOVEREIGN,SOVEREIGN,SOVEREIGN,SOVEREIGN,NEVER JOINS THE FEDERATION - it is sovereign on all eight maps. The survey's only literal First Effective Settlement case: 8.7 million Han from Shandong and Hebei between 1891 and 1942 over a Tungusic substrate. Its northern and eastern border is the modern provincial line; everything past it is blank unclaimed ground.
MON,Mongolia,frontier polity,Mongolia,Ulaanbaatar; Erdenet; Darkhan,52.2,41.6,87.7,119.9,#E8963C,orange,SOVEREIGN,SOVEREIGN,SOVEREIGN,SOVEREIGN,SOVEREIGN,SOVEREIGN,SOVEREIGN,SOVEREIGN,GAINS INNER MONGOLIA AT MAP B2 (and at B3 on the other branch). On the steppe's own side of the Hu Line and the 400 mm isohyet.
IMO,Inner Mongolia,frontier polity,Inner Mongolia,Hohhot; Baotou; Chifeng; Tongliao; Hulunbuir,53.3,37.4,97.2,126.1,#F0B860,light orange,SOVEREIGN,SOVEREIGN,MERGED:MON,MERGED:MON,MERGED:MON,MERGED:MON,MERGED:MON,MERGED:MON,SOVEREIGN ON MAPS A AND B1. Merges into Mongolia at B2 and stays merged thereafter. B1 and B2 are parallel branches - the chronological order of this merge against the Qinghai one is NOT ESTABLISHED. 4.1 million Mongols - the largest Mongol population in the world; larger than Mongolia's own - inside a region 78.7% Han. Deliberately colored as a lighter kin of Mongolia so the reader sees the merge coming.
ETK,East Turkestan,frontier polity,Xinjiang,Kashgar; Khotan; Urumqi; Turpan; Aksu,49.2,34.3,73.5,96.4,#A8C84A,yellow green,SOVEREIGN,SOVEREIGN,SOVEREIGN,SOVEREIGN,SOVEREIGN,SOVEREIGN,SOVEREIGN,SOVEREIGN,NEVER JOINS THE FEDERATION. Draw the TIAN SHAN as an INTERNAL DASHED LINE on every map - it separates the 95% non-Han Tarim from Han- and Kazakh-majority Dzungaria; and the whole-subdivision rule forbids making it a border. Label TARIM and DZUNGARIA either side.
TIB,Tibet,frontier polity,Xizang,Lhasa; Shigatse; Chamdo,36.5,26.8,78.4,99.1,#E8A0C4,pink,SOVEREIGN,SOVEREIGN,SOVEREIGN,SOVEREIGN,SOVEREIGN,SOVEREIGN,SOVEREIGN,SOVEREIGN,THE TIBET AUTONOMOUS REGION AND NOTHING ELSE; on all eight maps. It never gains Qinghai. 86% Tibetan with the lowest intermarriage rates in China. Holds the headwaters of the Yellow; Yangtze; Mekong; Salween; Brahmaputra and Indus.
TWN,Taiwan,sinosphere nation,Taiwan,Taipei; Tainan; Kaohsiung; Taichung,25.3,21.9,118.2,122.0,#3E9E9E,teal,SOVEREIGN,SOVEREIGN,SOVEREIGN,SOVEREIGN,SOVEREIGN,SOVEREIGN,SOVEREIGN,SOVEREIGN,Sovereign on all eight maps. Note the tension: Skinner puts Taiwan inside the Southeast Coast macroregion and Taiwanese IS coastal Southern Min; so the tidiest reading would be a Min province. It is drawn separate on the strength of the hybridity finding and fifty years of Japanese institutions.
NKO,Northern Korea,sinosphere nation,North Korea,Pyongyang; Kaesong; Chongjin,43.0,37.6,124.2,130.7,#7B5EA8,deep purple,SOVEREIGN,SOVEREIGN,SOVEREIGN,SOVEREIGN,MERGED:KOR,SOVEREIGN,MERGED:KOR,MERGED:KOR,LABEL NEUTRALLY - do not use present-day state names. Sovereign on A; B and D; merged on C; E and F. The 1945 division has no founding-population; institutional; linguistic or ecological basis whatever.
SKO,Southern Korea,sinosphere nation,South Korea minus Jeju,Seoul; Busan; Daegu; Incheon,38.6,34.2,125.9,129.6,#A88BC9,light purple,SOVEREIGN,SOVEREIGN,SOVEREIGN,SOVEREIGN,MERGED:KOR,SOVEREIGN,MERGED:KOR,MERGED:KOR,LABEL NEUTRALLY. Its province list EXCLUDES Jeju; which is carried as its own row so it can be detached cleanly at Map F.
KOR,Korea,sinosphere nation,-,Seoul; Pyongyang; Busan,43.0,33.1,124.2,131.0,#8E6FB8,purple,ABSENT,ABSENT,ABSENT,ABSENT,SOVEREIGN,ABSENT,SOVEREIGN,SOVEREIGN,A container - it holds no provinces of its own and receives Northern and Southern Korea. ABSENT ON MAP D; because D branches from B and Korea is still divided there.
JPN,Japan,sinosphere nation,Japan,Tokyo; Kyoto; Osaka; Nagoya; Sapporo; Naha,45.6,24.0,122.9,146.0,#D4527D,rose,SOVEREIGN,SOVEREIGN,SOVEREIGN,SOVEREIGN,SOVEREIGN,SOVEREIGN,SOVEREIGN,SOVEREIGN,Unchanged on all eight maps; including Hokkaido and Okinawa. No Japanese fragmentation has been indicated. Huntington places Japan outside the Sinic world as a civilization of its own - the only such carve-out in his scheme.
JEJ,Jeju-do,condominium,Jeju,Jeju City; Seogwipo,33.60,33.10,126.15,126.98,#F5C518,bright gold,MERGED:SKO,MERGED:SKO,MERGED:SKO,MERGED:SKO,MERGED:KOR,MERGED:SKO,MERGED:KOR,SOVEREIGN,SOVEREIGN ONLY ON MAP F. Korea delegated Jeju-do as neutral ground legally shared among itself; Japan and the Sinian Federation; on the founding of the International Court of Diplomacy. IT IS NOT A NATION - give it its own legend class. RENDERS AT ONLY ~13x8 PIXELS; so it needs a magnified inset; a white casing and a thinned stroke. Gold because a dark fill merges with its own coastline at that size.
