unit_id,country,adm1,unit,area_km2
BA-000,Bangladesh,Khulna,Bagerhat,3641.0
BA-001,Bangladesh,Chittagong,Bandarban,4627.0
BA-002,Bangladesh,Barisal,Barguna,1351.0
BA-003,Bangladesh,Barisal,Barisal,2211.0
BA-004,Bangladesh,Barisal,Bhola,1921.0
BA-005,Bangladesh,Rajshahi,Bogra,2914.0
BA-006,Bangladesh,Chittagong,Brahamanbaria,1927.0
BA-007,Bangladesh,Chittagong,Chandpur,1469.0
BA-008,Bangladesh,Chittagong,Chittagong,4467.0
BA-009,Bangladesh,Khulna,Chuadanga,1166.0
BA-010,Bangladesh,Chittagong,Comilla,3100.0
BA-011,Bangladesh,Chittagong,Cox's Bazar,2174.0
BA-012,Bangladesh,Dhaka,Dhaka,1478.0
BA-013,Bangladesh,Rangpur,Dinajpur,3460.0
BA-014,Bangladesh,Dhaka,Faridpur,2047.0
BA-015,Bangladesh,Chittagong,Feni,912.0
BA-016,Bangladesh,Rangpur,Gaibandha,2170.0
BA-017,Bangladesh,Dhaka,Gazipur,1822.0
BA-018,Bangladesh,Dhaka,Gopalganj,1478.0
BA-019,Bangladesh,Sylhet,Habiganj,2593.0
BA-020,Bangladesh,Dhaka,Jamalpur,2074.0
BA-021,Bangladesh,Khulna,Jessore,2583.0
BA-022,Bangladesh,Barisal,Jhalokati,743.0
BA-023,Bangladesh,Khulna,Jhenaidah,1952.0
BA-024,Bangladesh,Rajshahi,Joypurhat,961.0
BA-025,Bangladesh,Chittagong,Khagrachhari,2869.0
BA-026,Bangladesh,Khulna,Khulna,3631.0
BA-027,Bangladesh,Dhaka,Kishoreganj,2574.0
BA-028,Bangladesh,Rangpur,Kurigram,2274.0
BA-029,Bangladesh,Khulna,Kushtia,1622.0
BA-030,Bangladesh,Chittagong,Lakshmipur,1239.0
BA-031,Bangladesh,Rangpur,Lalmonirhat,1265.0
BA-032,Bangladesh,Dhaka,Madaripur,1138.0
BA-033,Bangladesh,Khulna,Magura,1052.0
BA-034,Bangladesh,Dhaka,Manikganj,1371.0
BA-035,Bangladesh,Sylhet,Maulvibazar,2694.0
BA-036,Bangladesh,Khulna,Meherpur,719.0
BA-037,Bangladesh,Dhaka,Munshiganj,933.0
BA-038,Bangladesh,Dhaka,Mymensingh,4364.0
BA-039,Bangladesh,Rajshahi,Naogaon,3449.0
BA-040,Bangladesh,Khulna,Narail,995.0
BA-041,Bangladesh,Dhaka,Narayanganj,705.0
BA-042,Bangladesh,Dhaka,Narsingdi,1172.0
BA-043,Bangladesh,Rajshahi,Natore,1904.0
BA-044,Bangladesh,Rajshahi,Nawabganj,1687.0
BA-045,Bangladesh,Dhaka,Netrakona,2812.0
BA-046,Bangladesh,Rangpur,Nilphamari,1588.0
BA-047,Bangladesh,Chittagong,Noakhali,2676.0
BA-048,Bangladesh,Rajshahi,Pabna,2392.0
BA-049,Bangladesh,Rangpur,Panchagarh,1365.0
BA-050,Bangladesh,Barisal,Patuakhali,2596.0
BA-051,Bangladesh,Barisal,Pirojpur,1270.0
BA-052,Bangladesh,Dhaka,Rajbari,1138.0
BA-053,Bangladesh,Rajshahi,Rajshahi,2430.0
BA-054,Bangladesh,Chittagong,Rangamati,5807.0
BA-055,Bangladesh,Rangpur,Rangpur,2346.0
BA-056,Bangladesh,Khulna,Satkhira,3395.0
BA-057,Bangladesh,Dhaka,Shariatpur,1184.0
BA-058,Bangladesh,Dhaka,Sherpur,1328.0
BA-059,Bangladesh,Rajshahi,Sirajganj,2498.0
BA-060,Bangladesh,Sylhet,Sunamganj,3709.0
BA-061,Bangladesh,Sylhet,Sylhet,3439.0
BA-062,Bangladesh,Dhaka,Tangail,3374.0
BA-063,Bangladesh,Rangpur,Thakurgaon,1815.0
