unit_id,unit,region_id,region_tier,sphere_1,sphere_2,lang_primary,lang_secondary,religion_primary,religion_secondary,breaks_first_order_rule,confidence,evidence
NE-000,Saptari,R05,core,,,Maithili,,Hindu,,N,3,"Madhesh Province district (survey 3.1, 4.4: Maithili 41.7% province-wide); unit label duplicates NE-063, so one of the pair is Siraha"
NE-001,Sindhupalchok,R32,core,,,Nepali,Tamang,Hindu,Buddhist-Vajrayana,Y,1,"Sindhupalchok, Tamang hills of Bagmati (survey 4.4); Tamang 5.62% nationally, district share not tabulated"
NE-002,Bara,R05,core,,,Bhojpuri,Maithili,Hindu,,N,2,Madhesh Province district (survey 3.1); Bhojpuri/Bajjika west-Madhesh belt (province Bhojpuri 18.8%); district language not tabulated
NE-003,Nuwakot,R32,core,,,Nepali,Tamang,Hindu,Buddhist-Vajrayana,Y,1,"Nuwakot, Tamang hills around Kathmandu (survey 1.1); Gorkha first conquest 1744 (survey 5); district share not tabulated"
NE-004,Gorkha,R30,core,,,Nepali,,Hindu,,Y,2,"Gorkha, seat of the conquest state (survey 1.1); Khas-Arya plurality with Gurung/Magar/Tamang minorities inferred"
NE-005,Nawalparasi,R05,domain,,,Nepali,Bhojpuri,Hindu,,Y,1,"Whole old Nawalparasi (Parasi in Lumbini plus Nawalpur in Gandaki, survey 3.1); Tharu, hill-migrant and Bhojpuri mix, not tabulated"
NE-006,Tanahu,R30,core,,,Nepali,,Hindu,,Y,1,"Middle hills of Gandaki, Bahun/Chhetri plurality inferred from province hills profile (survey 4.4); not tabulated"
NE-007,Lamjung,R32,domain,,,Nepali,Gurung,Hindu,,Y,1,"Lamjung, Gurung heartland with Khas plurality inferred (survey 4.4 Gurung hills of Gandaki)"
NE-008,Manang,R34,core,S03,,Gurung,Sherpa-Tibetan,Buddhist-Vajrayana,Hindu,Y,2,"Manang, Himal Bhotiya country (survey 4.4); Manang speech is Gurung-related, closest available id"
NE-009,Kaski,R30,core,,,Nepali,,Hindu,,Y,1,"Pokhara valley, Khas-Arya majority inferred; Gurung minority (survey 4.4 lists Gurung hills in Gandaki)"
NE-010,Nawalapur,R05,domain,,,Nepali,Bhojpuri,Hindu,,Y,1,"Unit labeled Nawalapur but Lumbini-zone duplicate of NE-005, read as Rupandehi (Lumbini Terai, survey 4.4); language split inferred"
NE-011,Palpa,R30,core,,,Nepali,,Hindu,,Y,1,"Palpa, Lumbini hills; Khas-Arya plurality with Magar and Newar (Tansen) minorities inferred"
NE-012,Synagja,R30,core,,,Nepali,,Hindu,,Y,1,"Unit spelled Synagja, i.e., Syangja; Gandaki Khas-Arya hills (survey 4.4), district split inferred"
NE-013,Kapilbastu,R05,domain,,,Bhojpuri,Nepali,Hindu,,Y,1,"Lumbini Terai (survey 4.4); Awadhi plurality per background knowledge but no Awadhi id, Bhojpuri proxy; Muslim share around 20% unverified"
NE-014,Arghakhanchi,R30,core,,,Nepali,,Hindu,,Y,1,"Arghakhanchi, Lumbini hills, Khas-Arya inferred (survey 4.4 hill belt)"
NE-015,Parbat,R30,core,,,Nepali,,Hindu,,Y,1,"Parbat, Gandaki hills, Khas-Arya majority inferred (survey 4.4)"
NE-016,Gulmi,R30,core,,,Nepali,,Hindu,,Y,1,"Gulmi, Lumbini hills, Khas-Arya inferred (survey 4.4 hill belt)"
NE-017,Baglung,R30,core,,,Nepali,,Hindu,,Y,1,"Baglung, Gandaki hills; Khas-Arya plurality with sizable Magar minority inferred, not tabulated"
NE-018,Myagdi,R32,domain,,,Nepali,Magar,Hindu,,Y,1,"Myagdi, Magar hills with Dhaulagiri Himal north inferred (survey 4.4 Magarat/Gandaki); not tabulated"
NE-019,Mustang,R34,core,S03,,Sherpa-Tibetan,Nepali,Buddhist-Vajrayana,Hindu,Y,2,"Mustang, Himal Bhotiya country (survey 4.4); Thakali/Lo Tibetic; Buddhist share not tabulated"
NE-020,Dang,R05,domain,S08,,Nepali,Tharu,Hindu,,Y,3,"Dang 29.7% Tharu (survey 4.4, 10.1); inner-Terai valley with large hill-migrant Khas share"
NE-021,Pyuthan,R32,domain,,,Nepali,Magar,Hindu,,Y,1,"Pyuthan, listed in survey 4.4 Magar hills; Khas-Arya plurality likely, hence domain"
NE-022,Rolpa,R32,core,,,Nepali,Magar,Hindu,,Y,2,"Rolpa, Magar war-heartland hills (survey 4.4 Lumbini: Rolpa-Rukum-Pyuthan Magar hills); district share not tabulated"
NE-023,Dolpa,R34,domain,S03,,Nepali,Sherpa-Tibetan,Buddhist-Vajrayana,Hindu,Y,1,"Dolpa, Himal Bhotiya (survey 4.4) but lower valleys Khas and Magar; Karnali Chhetri 42.2% province-wide"
NE-024,Rukum_E,R32,domain,,,Nepali,Magar,Hindu,,Y,1,"Whole old Rukum (East Rukum in Lumbini plus West Rukum in Karnali); Magar hills per survey 4.4, western half is Khas"
NE-025,Banke,R05,domain,S08,,Nepali,,Hindu,,Y,1,"Banke listed in the Tharuhat claim (survey 6.3); Lumbini province Tharu 732,069 (4.4); district share not tabulated, Awadhi has no id"
NE-026,Salyan,R30,core,,,Nepali,,Hindu,,Y,2,"Salyan, Karnali hills; Karnali Chhetri 42.2% and Khas-Arya plurality (survey 4.4)"
NE-027,Bardiya,R05,domain,S08,,Tharu,Nepali,Hindu,,Y,3,"Bardiya 53.3% Tharu (survey 4.4, 10.1); Tharuhat claim district"
NE-028,Surkhet,R30,core,,,Nepali,,Hindu,,Y,2,"Surkhet, Karnali provincial capital area; Karnali Chhetri 42.2% (survey 4.4)"
NE-029,Rukum_W,R30,core,,,Nepali,,Hindu,,Y,2,"Unit labeled Rukum_W but Bheri-zone area matches Jajarkot; Karnali hills, Chhetri 42.2% province-wide (survey 4.4)"
NE-030,Jajarkot,R30,core,,,Nepali,,Hindu,,Y,2,Unit labeled Jajarkot but area matches Dailekh (Karnali hills); Chhetri 42.2% province-wide (survey 4.4)
NE-031,Jumla,R30,core,,,Nepali,,Hindu,,Y,2,"Jumla, Karnali; Khas-Arya heartland, Chhetri 42.2% province-wide (survey 4.4); high-Himal north is thin"
NE-032,Mugu,R34,domain,S03,,Nepali,Sherpa-Tibetan,Hindu,Buddhist-Vajrayana,Y,1,"Mugu, Himal Bhotiya north (survey 4.4) with Khas majority in south inferred; whole-district approximation"
NE-033,Kalikot,R30,core,,,Nepali,,Hindu,,Y,2,"Kalikot, Karnali hills; Chhetri 42.2% province-wide (survey 4.4)"
NE-034,Achham,R30,core,,,Nepali,,Hindu,,Y,2,"Achham, Sudurpashchim Chhetri and Bahun hills (survey 4.4)"
NE-035,Kailali,R05,domain,S08,,Nepali,Tharu,Hindu,,Y,3,"Kailali 41.9% Tharu (survey 4.4, 10.1); Tikapur 2015 and Tharuhat claim (6.3); Nepali majority inferred"
NE-036,Humla,R34,domain,S03,,Nepali,Sherpa-Tibetan,Hindu,Buddhist-Vajrayana,Y,1,"Humla, Himal Bhotiya north (survey 4.4) but Khas-Arya majority in south inferred; Tibet border district"
NE-037,Baijura,R30,core,,,Nepali,,Hindu,,Y,2,"Bajura (unit spelled Baijura), Sudurpashchim Chhetri and Bahun hills (survey 4.4)"
NE-038,Kanchanpur,R05,domain,S08,,Nepali,Tharu,Hindu,,Y,3,"Kanchanpur 25.8% Tharu (survey 4.4, 10.1); Tharuhat claim district"
NE-039,Doti,R30,core,,,Nepali,,Hindu,,Y,2,"Doti, Sudurpashchim Chhetri and Bahun hills (survey 4.4)"
NE-040,Dadeidhura,R30,core,,,Nepali,,Hindu,,Y,2,"Dadeldhura (unit spelled Dadeidhura), Sudurpashchim Chhetri and Bahun hills (survey 4.4)"
NE-041,Bajhang,R30,core,,,Nepali,,Hindu,,Y,2,"Bajhang, Sudurpashchim Chhetri and Bahun hills (survey 4.4)"
NE-042,Baitadi,R30,core,,,Nepali,,Hindu,,Y,2,"Baitadi, Sudurpashchim Chhetri and Bahun hills (survey 4.4)"
NE-043,Darchula,R30,core,,,Nepali,,Hindu,,Y,2,"Darchula, Sudurpashchim Chhetri and Bahun hills (survey 4.4); small Byansi Bhotiya pocket ignored"
NE-044,Chitawan,R05,domain,,,Nepali,,Hindu,,Y,1,"Inner-Terai valley in Bagmati, Tharu 11% (survey 4.4); hill-migrant Nepali majority inferred; not a Madhesi-speaking plain"
NE-045,Bara,R05,core,,,Bhojpuri,,Hindu,,N,2,"Unit labeled Bara but duplicate of NE-002 in the Narayani zone, so read as Parsa (Madhesh Province, survey 3.1); Bhojpuri belt (province 18.8%) inferred"
NE-046,Dhading,R32,domain,,,Nepali,Tamang,Hindu,,Y,1,"Dhading, mixed Khas-Tamang-Gurung hills; only 'Tamang hills' in survey 4.4, no district share"
NE-047,Rasuwa,R32,core,,,Tamang,Nepali,Buddhist-Vajrayana,Hindu,Y,1,"Rasuwa, Tamang-majority Buddhist border district inferred from Tamang hills profile (survey 1.1, 4.4); not tabulated"
NE-048,Kathmandu,R31,core,,,Nepali,Newar,Hindu,Buddhist-Vajrayana,Y,2,"Kathmandu Valley Newar city core (survey 4.4); Newar 4.60% nationally, district share not tabulated, now Khas-majority in-migrant city"
NE-049,Makawanpur,R32,domain,,,Nepali,Tamang,Hindu,Buddhist-Vajrayana,Y,1,"Makwanpur, Tamang hills and Hetauda plain (survey 4.4 names Makwanpur); district share not tabulated"
NE-050,Lalitpur,R31,core,,,Nepali,Newar,Hindu,Buddhist-Vajrayana,Y,2,Kathmandu Valley Newar city core (survey 4.4); district share not tabulated
NE-051,Bhaktapur,R31,core,,,Newar,Nepali,Hindu,,Y,2,"Kathmandu Valley Newar city core (survey 4.4); most Newar-dense valley district inferred, not tabulated"
NE-052,Rautahat,R05,core,,,Bhojpuri,,Hindu,,N,2,"Madhesh Province district (survey 3.1); Bajjika/Bhojpuri (province 18.4%/18.8%), Bajjika has no id so Bhojpuri proxy; district split not tabulated"
NE-053,Kabherepalanchok,R32,domain,,,Nepali,Tamang,Hindu,Buddhist-Vajrayana,Y,1,"Kavrepalanchok, Newar-Tamang-Khas mix east of the valley (survey 4.4 Bagmati); inferred"
NE-054,Sarlahi,R05,core,,,Maithili,,Hindu,,N,2,"Madhesh Province district, largest in province (769,729 in 2011, survey 4.4); Bajjika/Maithili mix, Maithili used as nearest id"
NE-055,Sindhuli,R32,domain,,,Nepali,Tamang,Hindu,,Y,1,"Sindhuli, Bagmati hill and dun mix (survey 4.4 names Sindhuli); Tamang/Khas mix inferred"
NE-056,Mahottari,R05,core,,,Maithili,,Hindu,,N,3,"Madhesh Province district (survey 3.1); Maithili 41.7% province-wide, Mithila core"
NE-057,Dhanusha,R05,core,,,Maithili,,Hindu,,N,3,"Madhesh Province district, provincial capital Janakpur (survey 3.2); Maithili 41.7% province-wide, Mithila core"
NE-058,Ramechhap,R32,domain,,,Nepali,Tamang,Hindu,,Y,1,"Ramechhap, Tamang-Sherpa-Khas mixed hills inferred (survey 4.4 Bagmati); not tabulated"
NE-059,Dolakha,R32,domain,,,Nepali,Tamang,Hindu,Buddhist-Vajrayana,Y,1,"Dolakha, Tamang-Sherpa-Newar-Khas mix inferred (survey 1.1 Tamsaling claim); not tabulated"
NE-060,Solukhumbu,R34,core,S03,,Sherpa-Tibetan,Kiranti,Buddhist-Vajrayana,Hindu,Y,2,"Solukhumbu, Sherpa homeland (survey 1.1: Sherpa 0.45% nationally, concentrated here); Rai minority inferred"
NE-061,Sankhuwasabha,R33,core,S09,,Nepali,Kiranti,Hindu,Kirat-Animist,Y,1,"Sankhuwasabha (zone label Bhojpur), Rai plurality with Bhotiya north inferred (survey 4.4)"
NE-062,Okhaldhunga,R33,domain,S09,,Nepali,,Hindu,Kirat-Animist,Y,1,"Okhaldhunga, Rai-Magar-Khas-Sherpa transition hills inferred (survey 4.4 Koshi hills)"
NE-063,Saptari,R05,core,,,Maithili,,Hindu,,N,3,"Unit labeled Saptari but duplicate of NE-000 in Sagarmatha zone, so read as Siraha; Madhesh Province (survey 3.1), Maithili 41.7% province-wide"
NE-064,Udayapur,R33,domain,,,Nepali,,Hindu,,Y,1,"Udayapur, Koshi dun valley with Rai-Tamang-Khas-Tharu mix inferred; no district figures in survey 4.4"
NE-065,Khotang,R33,core,S09,,Nepali,Kiranti,Hindu,Kirat-Animist,Y,1,"Khotang, Rai hills (survey 4.4 Kirat homeland); Kirat share not tabulated"
NE-066,Bhojpur,R33,core,S09,,Nepali,Kiranti,Hindu,Kirat-Animist,Y,1,"Bhojpur, Rai heartland (Khumbuwan, survey 3.2, 4.4); Kirat religion share not tabulated"
NE-067,Taplejung,R33,core,S09,,Nepali,Kiranti,Kirat-Animist,Hindu,Y,1,"Taplejung, Limbuwan far east (survey 3.2); Limbu plus Bhotiya north, Kirat share not tabulated"
NE-068,Sunsari,R05,domain,,,Nepali,Maithili,Hindu,,Y,2,"Koshi Terai: mixed hill-migrant, Tharu 11-12%, Madhesi and Muslim (survey 4.4); Maithili share inferred, not tabulated"
NE-069,Dhankuta,R33,domain,S09,,Nepali,Kiranti,Hindu,Kirat-Animist,Y,1,"Dhankuta, Khas-Rai-Limbu mix inferred (survey 4.4 Koshi hills)"
NE-070,Morang,R05,domain,,,Nepali,Maithili,Hindu,,Y,2,"Koshi Terai: mixed hill-migrant, Tharu 11-12%, Madhesi and Muslim (survey 4.4); Bhutanese refugee camps here (8.4); language split inferred"
NE-071,Terhathum,R33,core,S09,,Nepali,Kiranti,Hindu,Kirat-Animist,Y,1,"Terhathum, Limbuwan hills (survey 3.2 Limbuwan: Arun-Tamur-Mechi); Limbu plurality inferred"
NE-072,Panchthar,R33,core,S09,,Nepali,Kiranti,Kirat-Animist,Hindu,Y,1,"Panchthar, Limbuwan hills (survey 3.2, 4.4); Kirat Mundhum plurality inferred, not tabulated"
NE-073,Ilam,R33,domain,S09,,Nepali,Kiranti,Hindu,Kirat-Animist,Y,1,"Ilam, Kirat east with Khas and tea-belt majority inferred (survey 4.4); faces Darjeeling seam (9.2)"
NE-074,Jhapa,R05,domain,,,Nepali,,Hindu,,Y,2,Koshi Terai (survey 3.1/4.4); hill-migrant majority with Limbu/Rai and Madhesi minorities inferred; Bhutanese refugee camps (8.4)
BH-000,Trashigang,R35,domain,,,Sharchop,,Buddhist-Vajrayana,,N,3,"Sharchop east, Tshangla the largest language at 28% (survey 8.3); Brokpa pocket ignored"
BH-001,Trashiyangtse,R35,domain,,,Sharchop,,Buddhist-Vajrayana,,N,3,Sharchop east (survey 8.3 names Trashiyangtse); Tshangla 28% nationally
BH-002,Mongar,R35,domain,,,Sharchop,,Buddhist-Vajrayana,,N,3,Sharchop east (survey 8.3 names Mongar); Tshangla 28% nationally
BH-003,Lhuntse,R35,domain,,,Bhutanese-other,Sharchop,Buddhist-Vajrayana,,N,2,"Lhuntse, Kurtoep homeland (survey 8.3; Kurtoep about 10,000 speakers); Sharchop influence inferred"
BH-004,Bumthang,R35,domain,,,Bhutanese-other,,Buddhist-Vajrayana,,N,2,"Bumthang, Bumthangpa (about 30,000 speakers, survey 8.3); own Bodish community"
BH-005,Sarpang,R35,domain,S01,,Nepali,,Hindu,Buddhist-Vajrayana,N,3,"Sarpang, Nepali dominant with Kheng in the northeast (survey 8.3); Gelephu Mindfulness City SAR (8.2)"
BH-006,Trongsa,R35,core,,,Dzongkha,Bhutanese-other,Buddhist-Vajrayana,,N,1,"Trongsa, central dynastic seat; language mix (Dzongkha, Bumthangkha, Kheng) not in survey 8.3"
BH-007,Tsirang,R35,domain,S01,,Nepali,,Hindu,Buddhist-Vajrayana,N,3,"Tsirang, named Lhotshampa dzongkhag (survey 8.3); 224,901 in south-five (30.9% of Bhutan)"
BH-008,Dagana,R35,domain,S01,,Nepali,Dzongkha,Hindu,Buddhist-Vajrayana,Y,1,"Dagana, mixed Lhotshampa fringe (survey 8.3, 10.2); Nepali plurality inferred from south-five arithmetic"
BH-009,Wangdue Phodrang,R35,core,,,Dzongkha,,Buddhist-Vajrayana,,N,3,"Wangdue Phodrang, Ngalop Dzongkha speakers (survey 8.3)"
BH-010,Punakha,R35,core,,,Dzongkha,,Buddhist-Vajrayana,,N,3,"Punakha, Ngalop Dzongkha speakers (survey 8.3); old winter capital"
BH-011,Thimpu,R35,core,,,Dzongkha,,Buddhist-Vajrayana,,N,3,"Thimphu, Ngalop Dzongkha speakers (survey 8.3); 19.1% of population"
BH-012,Gasa,R35,core,,,Dzongkha,,Buddhist-Vajrayana,,N,2,"Gasa, Ngalop north with Layap minority (survey 8.3, Layap placement background)"
BH-013,Chukha,R35,core,S01,,Nepali,Dzongkha,Hindu,Buddhist-Vajrayana,Y,1,"Chukha, mixed dzongkhag: Nepali plurality inferred from south-five arithmetic, Dzongkha north (survey 8.3, 10.2)"
BH-014,Samtse,R35,domain,S01,,Nepali,,Hindu,Buddhist-Vajrayana,N,3,"Samtse, named Lhotshampa dzongkhag (survey 8.3); Lepcha, Lhokpu and Lhop minorities small"
BH-015,Haa,R35,core,,,Dzongkha,,Buddhist-Vajrayana,,N,3,"Haa, Ngalop western valley (survey 8.3)"
BH-016,Paro,R35,core,,,Dzongkha,,Buddhist-Vajrayana,,N,3,"Paro, Ngalop western valley (survey 8.3)"
BH-017,Pemagatshel,R35,domain,,,Sharchop,,Buddhist-Vajrayana,,N,3,"Pemagatshel, Sharchop east (survey 8.3)"
BH-018,Samdrup Jongkhar,R35,domain,,,Sharchop,,Buddhist-Vajrayana,,N,3,"Samdrup Jongkhar, Sharchop east (survey 8.3)"
BH-019,Zhemgang,R35,domain,,,Bhutanese-other,,Buddhist-Vajrayana,,N,2,"Zhemgang, Khengpa homeland (Kheng about 40,000 speakers, survey 8.3)"
